Loading the Edge TPU model...
Model loaded successfully.
 * Serving Flask app 'app'
 * Debug mode: off
Connected to MQTT Broker!
Ignored retained message on initial connection.
Image saved to static/images/20250419_210817_533251.jpg
Image saved to static/images/20250419_224512_047022.jpg
Connected to MQTT Broker!
Ignored retained message on initial connection.
Image saved to static/images/20250420_020113_835537.jpg
Image saved to static/images/20250420_025730_615067.jpg
Image saved to static/images/20250420_025746_083825.jpg
Image saved to static/images/20250420_044236_062234.jpg
Image saved to static/images/20250420_044247_792033.jpg
Image saved to static/images/20250420_054914_567495.jpg
Image saved to static/images/20250420_145706_015408.jpg
Image saved to static/images/20250420_145717_524601.jpg
Image saved to static/images/20250420_164420_133813.jpg
Image saved to static/images/20250420_195900_556182.jpg
Image saved to static/images/20250420_214648_997619.jpg
Image saved to static/images/20250420_225301_042870.jpg
Image saved to static/images/20250420_235202_364047.jpg
Image saved to static/images/20250421_010229_334400.jpg
Image saved to static/images/20250421_010246_420264.jpg
Image saved to static/images/20250421_023155_571175.jpg
Image saved to static/images/20250421_030500_162026.jpg
Image saved to static/images/20250421_031122_922269.jpg
Image saved to static/images/20250421_035325_999819.jpg
Image saved to static/images/20250421_043458_755090.jpg
Image saved to static/images/20250421_043645_661070.jpg
Image saved to static/images/20250421_044342_806964.jpg
Image saved to static/images/20250421_055301_820564.jpg
Image saved to static/images/20250421_060032_200204.jpg
Image saved to static/images/20250421_141930_818791.jpg
Image saved to static/images/20250421_192136_309019.jpg
Image saved to static/images/20250421_212400_449149.jpg
Image saved to static/images/20250421_212840_879276.jpg
Image saved to static/images/20250421_225041_337701.jpg
Image saved to static/images/20250421_230102_975806.jpg
Image saved to static/images/20250421_233718_332018.jpg
Image saved to static/images/20250421_235324_497578.jpg
Image saved to static/images/20250422_054256_084098.jpg
Image saved to static/images/20250422_141127_526403.jpg
Image saved to static/images/20250422_141136_442278.jpg
Image saved to static/images/20250422_142028_809545.jpg
Image saved to static/images/20250422_161017_751440.jpg
Image saved to static/images/20250422_184542_425293.jpg
Image saved to static/images/20250422_185730_602846.jpg
Image saved to static/images/20250422_191311_486814.jpg
Image saved to static/images/20250422_193314_600272.jpg
Image saved to static/images/20250422_195950_192816.jpg
Image saved to static/images/20250422_211116_787814.jpg
Image saved to static/images/20250422_215854_265549.jpg
Image saved to static/images/20250422_220439_153726.jpg
Image saved to static/images/20250422_220448_055838.jpg
Image saved to static/images/20250423_022542_395258.jpg
Image saved to static/images/20250423_051212_772106.jpg
Image saved to static/images/20250423_054641_991659.jpg
Image saved to static/images/20250423_055400_320803.jpg
Image saved to static/images/20250423_063340_856146.jpg
Image saved to static/images/20250423_140608_893091.jpg
Image saved to static/images/20250423_153853_688225.jpg
Image saved to static/images/20250423_160050_124500.jpg
Image saved to static/images/20250423_192234_754527.jpg
Image saved to static/images/20250423_212140_537848.jpg
Image saved to static/images/20250423_212956_936142.jpg
Image saved to static/images/20250423_213028_900312.jpg
Image saved to static/images/20250424_010213_288159.jpg
Image saved to static/images/20250424_010641_847516.jpg
Image saved to static/images/20250424_023330_390241.jpg
Image saved to static/images/20250424_040944_032209.jpg
Image saved to static/images/20250424_051905_488311.jpg
Image saved to static/images/20250424_052331_875544.jpg
Image saved to static/images/20250424_062222_906022.jpg
Image saved to static/images/20250424_144421_226972.jpg
Image saved to static/images/20250424_150601_580863.jpg
Image saved to static/images/20250424_150838_141716.jpg
Image saved to static/images/20250424_183257_968254.jpg
Image saved to static/images/20250424_193121_400067.jpg
Image saved to static/images/20250425_010220_977511.jpg
Image saved to static/images/20250425_010830_116460.jpg
Image saved to static/images/20250425_020954_752048.jpg
Image saved to static/images/20250425_021009_747804.jpg
Image saved to static/images/20250425_035823_801226.jpg
Image saved to static/images/20250425_054330_728249.jpg
Image saved to static/images/20250425_055725_592538.jpg
Image saved to static/images/20250425_082855_079308.jpg
Image saved to static/images/20250425_142337_871853.jpg
Image saved to static/images/20250425_150058_989934.jpg
Image saved to static/images/20250425_150519_101110.jpg
Image saved to static/images/20250425_161602_550002.jpg
Image saved to static/images/20250425_173319_107011.jpg
Image saved to static/images/20250425_191759_079243.jpg
Image saved to static/images/20250425_192103_078631.jpg
Image saved to static/images/20250425_214605_116805.jpg
Image saved to static/images/20250425_215524_661221.jpg
Image saved to static/images/20250425_233236_602973.jpg
Image saved to static/images/20250425_233256_785346.jpg
Image saved to static/images/20250425_233320_403380.jpg
Image saved to static/images/20250425_233747_061133.jpg
Image saved to static/images/20250426_000528_910361.jpg
Image saved to static/images/20250426_000842_268748.jpg
Image saved to static/images/20250426_003215_246117.jpg
Image saved to static/images/20250426_021217_475002.jpg
Image saved to static/images/20250426_042908_077958.jpg
Image saved to static/images/20250426_053027_009162.jpg
Image saved to static/images/20250426_053409_607897.jpg
Image saved to static/images/20250426_064024_391211.jpg
Image saved to static/images/20250426_124532_761630.jpg
Image saved to static/images/20250426_142224_400278.jpg
Image saved to static/images/20250426_194644_478169.jpg
Image saved to static/images/20250426_195219_572981.jpg
Image saved to static/images/20250426_220653_108199.jpg
Image saved to static/images/20250426_221105_040140.jpg
Image saved to static/images/20250427_010235_680667.jpg
Image saved to static/images/20250427_010712_504458.jpg
Image saved to static/images/20250427_024217_019675.jpg
Image saved to static/images/20250427_041530_482134.jpg
Image saved to static/images/20250427_052056_609104.jpg
Image saved to static/images/20250427_052147_504387.jpg
Image saved to static/images/20250427_054134_978782.jpg
Image saved to static/images/20250427_074056_997950.jpg
Image saved to static/images/20250427_154228_660705.jpg
Image saved to static/images/20250427_154544_285534.jpg
Image saved to static/images/20250427_173833_097516.jpg
Image saved to static/images/20250427_190321_294625.jpg
Image saved to static/images/20250427_215654_930105.jpg
Image saved to static/images/20250427_220554_444778.jpg
Image saved to static/images/20250428_000701_118016.jpg
Image saved to static/images/20250428_001148_635272.jpg
Image saved to static/images/20250428_050243_898010.jpg
Image saved to static/images/20250428_050553_530448.jpg
Image saved to static/images/20250428_052328_908856.jpg
Image saved to static/images/20250428_052622_608801.jpg
Image saved to static/images/20250428_053815_599127.jpg
Image saved to static/images/20250428_061544_610796.jpg
Image saved to static/images/20250428_075026_816611.jpg
Image saved to static/images/20250428_075321_488598.jpg
Image saved to static/images/20250428_095152_110955.jpg
Image saved to static/images/20250428_160957_149772.jpg
Image saved to static/images/20250428_165423_455407.jpg
Image saved to static/images/20250428_184356_495535.jpg
Image saved to static/images/20250428_201804_190051.jpg
Image saved to static/images/20250428_220526_932238.jpg
Image saved to static/images/20250428_222003_347076.jpg
Image saved to static/images/20250429_001757_927646.jpg
Image saved to static/images/20250429_002212_774833.jpg
Image saved to static/images/20250429_034746_237237.jpg
Image saved to static/images/20250429_035407_118057.jpg
Image saved to static/images/20250429_054650_353139.jpg
Image saved to static/images/20250429_055226_461033.jpg
Image saved to static/images/20250429_062905_783690.jpg
Image saved to static/images/20250429_083143_597601.jpg
Image saved to static/images/20250429_160613_326003.jpg
Image saved to static/images/20250429_171150_502745.jpg
Image saved to static/images/20250429_171837_587421.jpg
Image saved to static/images/20250429_174113_775435.jpg
Image saved to static/images/20250429_180432_633835.jpg
Image saved to static/images/20250429_193554_205673.jpg
Image saved to static/images/20250429_194609_147784.jpg
Image saved to static/images/20250429_213851_659191.jpg
Image saved to static/images/20250429_214454_918150.jpg
Image saved to static/images/20250429_215002_146311.jpg
Image saved to static/images/20250429_215226_209310.jpg
Image saved to static/images/20250429_221156_679870.jpg
Image saved to static/images/20250430_021647_417362.jpg
Image saved to static/images/20250430_022209_401514.jpg
Image saved to static/images/20250430_032322_092224.jpg
Image saved to static/images/20250430_050251_057593.jpg
Image saved to static/images/20250430_050447_409805.jpg
Image saved to static/images/20250430_060334_924730.jpg
Image saved to static/images/20250430_061528_266747.jpg
Image saved to static/images/20250430_085515_532199.jpg
Image saved to static/images/20250430_153835_340560.jpg
Image saved to static/images/20250430_161141_193029.jpg
Image saved to static/images/20250430_163902_256880.jpg
Image saved to static/images/20250430_180006_604260.jpg
Image saved to static/images/20250430_194131_693851.jpg
Image saved to static/images/20250430_214825_719650.jpg
Image saved to static/images/20250430_214955_512253.jpg
Image saved to static/images/20250430_221547_019651.jpg
Image saved to static/images/20250430_223831_872020.jpg
Image saved to static/images/20250430_235126_384723.jpg
Image saved to static/images/20250430_235143_124554.jpg
Image saved to static/images/20250501_021953_294256.jpg
Image saved to static/images/20250501_164041_983035.jpg
Image saved to static/images/20250501_164053_868169.jpg
Image saved to static/images/20250501_164222_471550.jpg
Image saved to static/images/20250501_172000_262773.jpg
Image saved to static/images/20250501_180614_925536.jpg
Image saved to static/images/20250501_182649_198193.jpg
Image saved to static/images/20250501_202545_644916.jpg
Image saved to static/images/20250501_203318_932081.jpg
Image saved to static/images/20250501_223220_224291.jpg
Image saved to static/images/20250501_225921_452374.jpg
Image saved to static/images/20250502_041045_248021.jpg
Image saved to static/images/20250502_041954_063004.jpg
Image saved to static/images/20250502_053307_858886.jpg
Image saved to static/images/20250502_053402_095732.jpg
Image saved to static/images/20250502_062330_224044.jpg
Image saved to static/images/20250502_140929_916413.jpg
Image saved to static/images/20250502_151821_952400.jpg
Image saved to static/images/20250502_215053_890570.jpg
Image saved to static/images/20250502_220915_352111.jpg
Image saved to static/images/20250502_223237_347862.jpg
Image saved to static/images/20250502_224144_620870.jpg
Image saved to static/images/20250503_011009_772816.jpg
Image saved to static/images/20250503_011512_061366.jpg
Image saved to static/images/20250503_032945_275621.jpg
Image saved to static/images/20250503_042342_810007.jpg
Image saved to static/images/20250503_072541_336850.jpg
Image saved to static/images/20250503_073942_138693.jpg
Image saved to static/images/20250503_090136_822912.jpg
Image saved to static/images/20250503_150759_681219.jpg
Image saved to static/images/20250503_151801_913088.jpg
Image saved to static/images/20250503_195257_038445.jpg
Image saved to static/images/20250503_204652_805364.jpg
Image saved to static/images/20250503_210355_126981.jpg
Image saved to static/images/20250503_213413_911785.jpg
Image saved to static/images/20250504_000937_735792.jpg
Image saved to static/images/20250504_033933_899353.jpg
Image saved to static/images/20250504_041915_142560.jpg
Image saved to static/images/20250504_054822_544286.jpg
Image saved to static/images/20250504_151810_061486.jpg
Image saved to static/images/20250504_170128_646730.jpg
Image saved to static/images/20250504_184534_135253.jpg
Image saved to static/images/20250504_193204_895104.jpg
Image saved to static/images/20250504_210623_494874.jpg
Image saved to static/images/20250504_211250_274087.jpg
Image saved to static/images/20250504_225154_738884.jpg
Image saved to static/images/20250504_232357_560811.jpg
Image saved to static/images/20250505_001254_683390.jpg
Image saved to static/images/20250505_001714_235608.jpg
Image saved to static/images/20250505_011209_129552.jpg
Image saved to static/images/20250505_012227_855701.jpg
Image saved to static/images/20250505_024239_592533.jpg
Image saved to static/images/20250505_040901_149095.jpg
Image saved to static/images/20250505_051936_576097.jpg
Image saved to static/images/20250505_052609_392225.jpg
Image saved to static/images/20250505_063448_712023.jpg
Image saved to static/images/20250505_064654_334962.jpg
Image saved to static/images/20250505_081356_216053.jpg
Image saved to static/images/20250505_154258_575984.jpg
Image saved to static/images/20250505_164120_606023.jpg
Image saved to static/images/20250505_165146_773000.jpg
Image saved to static/images/20250505_175141_468090.jpg
Image saved to static/images/20250505_193312_021679.jpg
Image saved to static/images/20250505_215056_802088.jpg
Image saved to static/images/20250505_220030_451056.jpg
Image saved to static/images/20250506_023143_890582.jpg
Image saved to static/images/20250506_023736_524487.jpg
Image saved to static/images/20250506_052440_647884.jpg
Image saved to static/images/20250506_052503_911738.jpg
Image saved to static/images/20250506_052617_312069.jpg
Image saved to static/images/20250506_070407_319371.jpg
Image saved to static/images/20250506_071934_721452.jpg
Image saved to static/images/20250506_075410_479161.jpg
Image saved to static/images/20250506_141405_993630.jpg
Image saved to static/images/20250506_154820_526190.jpg
Image saved to static/images/20250506_155417_191021.jpg
Image saved to static/images/20250506_183940_741384.jpg
Image saved to static/images/20250506_192207_383896.jpg
Image saved to static/images/20250506_203211_108052.jpg
Image saved to static/images/20250506_233229_452877.jpg
Image saved to static/images/20250506_233239_545531.jpg
Image saved to static/images/20250506_233355_944696.jpg
Image saved to static/images/20250507_015103_484201.jpg
Image saved to static/images/20250507_040317_993533.jpg
Image saved to static/images/20250507_051410_003319.jpg
Image saved to static/images/20250507_051515_398008.jpg
Image saved to static/images/20250507_053348_288734.jpg
Image saved to static/images/20250507_063300_099137.jpg
Image saved to static/images/20250507_112429_905832.jpg
Image saved to static/images/20250507_164819_003868.jpg
Image saved to static/images/20250507_164827_645444.jpg
Image saved to static/images/20250507_164833_336530.jpg
Image saved to static/images/20250507_184114_157432.jpg
Image saved to static/images/20250507_193600_610082.jpg
Image saved to static/images/20250507_221202_606137.jpg
Image saved to static/images/20250507_223102_350636.jpg
Image saved to static/images/20250507_224827_892834.jpg
Image saved to static/images/20250507_230326_315100.jpg
Image saved to static/images/20250508_005349_680627.jpg
Image saved to static/images/20250508_010000_744506.jpg
Image saved to static/images/20250508_024447_190780.jpg
Image saved to static/images/20250508_040939_211418.jpg
Image saved to static/images/20250508_055016_046473.jpg
Image saved to static/images/20250508_055104_077103.jpg
Image saved to static/images/20250508_061728_714727.jpg
Image saved to static/images/20250508_122547_001031.jpg
Image saved to static/images/20250508_205150_157500.jpg
Image saved to static/images/20250508_210352_901104.jpg
Image saved to static/images/20250508_220808_619583.jpg
Image saved to static/images/20250508_222442_619464.jpg
Image saved to static/images/20250509_012431_341273.jpg
Image saved to static/images/20250509_013222_224182.jpg
Image saved to static/images/20250509_021732_168236.jpg
Image saved to static/images/20250509_021744_071229.jpg
Image saved to static/images/20250509_022639_540328.jpg
Image saved to static/images/20250509_050522_930541.jpg
Image saved to static/images/20250509_051033_299485.jpg
Image saved to static/images/20250509_055956_511367.jpg
Image saved to static/images/20250509_111056_552776.jpg
Image saved to static/images/20250509_113847_653892.jpg
Image saved to static/images/20250509_115055_628577.jpg
Image saved to static/images/20250509_115759_065749.jpg
Image saved to static/images/20250509_142157_587321.jpg
Image saved to static/images/20250509_151439_599512.jpg
Image saved to static/images/20250509_175247_212630.jpg
Image saved to static/images/20250509_190154_201841.jpg
Image saved to static/images/20250509_201843_826495.jpg
Image saved to static/images/20250510_032508_480730.jpg
Image saved to static/images/20250510_033021_809402.jpg
Image saved to static/images/20250510_053807_987190.jpg
Image saved to static/images/20250510_054610_324832.jpg
Image saved to static/images/20250510_071700_994229.jpg
Image saved to static/images/20250510_072201_392117.jpg
Image saved to static/images/20250510_150212_283680.jpg
Image saved to static/images/20250510_150609_351518.jpg
Image saved to static/images/20250510_224026_787137.jpg
Image saved to static/images/20250510_230227_672615.jpg
Image saved to static/images/20250510_230552_682302.jpg
Image saved to static/images/20250511_005737_390669.jpg
Image saved to static/images/20250511_034730_564111.jpg
Image saved to static/images/20250511_034944_361747.jpg
Image saved to static/images/20250511_062917_373032.jpg
Image saved to static/images/20250511_140702_646540.jpg
Image saved to static/images/20250511_143806_652996.jpg
Image saved to static/images/20250511_145248_976970.jpg
Image saved to static/images/20250511_152938_250074.jpg
Image saved to static/images/20250513_024203_641780.jpg
Image saved to static/images/20250513_024858_200707.jpg
Image saved to static/images/20250513_075945_106518.jpg
Image saved to static/images/20250513_083010_644944.jpg
Image saved to static/images/20250513_084505_606235.jpg
Image saved to static/images/20250513_112908_431688.jpg
Image saved to static/images/20250513_155928_956313.jpg
Image saved to static/images/20250513_192633_369113.jpg
Image saved to static/images/20250513_211933_284362.jpg
Image saved to static/images/20250513_212317_396785.jpg
Image saved to static/images/20250513_230421_631215.jpg
Image saved to static/images/20250513_230821_711270.jpg
Image saved to static/images/20250514_043542_193952.jpg
Image saved to static/images/20250514_043645_907279.jpg
Image saved to static/images/20250514_045550_242656.jpg
Image saved to static/images/20250514_050024_624633.jpg
Image saved to static/images/20250514_064157_974541.jpg
Image saved to static/images/20250514_065753_073316.jpg
Image saved to static/images/20250514_104410_396776.jpg
Image saved to static/images/20250514_104644_819802.jpg
Image saved to static/images/20250514_104806_524946.jpg
Image saved to static/images/20250514_110830_266152.jpg
Image saved to static/images/20250514_152831_361369.jpg
Image saved to static/images/20250514_161510_349064.jpg
Image saved to static/images/20250514_172214_536494.jpg
Image saved to static/images/20250514_172924_387557.jpg
Image saved to static/images/20250514_201910_479776.jpg
Image saved to static/images/20250514_202121_967643.jpg
Image saved to static/images/20250514_204515_089375.jpg
Image saved to static/images/20250514_205629_447693.jpg
Image saved to static/images/20250515_021342_644510.jpg
Image saved to static/images/20250515_021848_806091.jpg
Image saved to static/images/20250515_054441_508425.jpg
Image saved to static/images/20250515_060231_500133.jpg
Image saved to static/images/20250515_084955_547701.jpg
Image saved to static/images/20250515_154008_180000.jpg
Image saved to static/images/20250515_175930_978030.jpg
Image saved to static/images/20250515_183304_425858.jpg
Image saved to static/images/20250515_185205_493049.jpg
Image saved to static/images/20250515_193306_304108.jpg
Image saved to static/images/20250515_195020_627400.jpg
Image saved to static/images/20250515_201747_943103.jpg
Image saved to static/images/20250515_201945_680122.jpg
Image saved to static/images/20250515_211758_481649.jpg
Image saved to static/images/20250516_000833_478102.jpg
Image saved to static/images/20250516_001128_633801.jpg
Image saved to static/images/20250516_005107_668298.jpg
Image saved to static/images/20250516_015613_514452.jpg
Image saved to static/images/20250516_043913_492519.jpg
Image saved to static/images/20250516_081045_991118.jpg
Image saved to static/images/20250516_170842_892242.jpg
Image saved to static/images/20250516_192433_778172.jpg
Image saved to static/images/20250516_220135_092095.jpg
Image saved to static/images/20250516_220906_390350.jpg
Image saved to static/images/20250516_232246_830673.jpg
Image saved to static/images/20250516_232325_235569.jpg
Image saved to static/images/20250516_235751_128930.jpg
Image saved to static/images/20250517_025858_921286.jpg
Image saved to static/images/20250517_030521_476964.jpg
Image saved to static/images/20250517_055509_323718.jpg
Image saved to static/images/20250517_063654_418596.jpg
Image saved to static/images/20250517_105137_493587.jpg
Image saved to static/images/20250517_110908_635526.jpg
Image saved to static/images/20250517_121424_816749.jpg
Image saved to static/images/20250517_160235_802762.jpg
Image saved to static/images/20250517_164820_681511.jpg
Image saved to static/images/20250517_193804_038601.jpg
Image saved to static/images/20250517_205241_764497.jpg
Image saved to static/images/20250517_211315_539741.jpg
Image saved to static/images/20250517_221613_559196.jpg
Image saved to static/images/20250518_005351_130673.jpg
Image saved to static/images/20250518_014328_452789.jpg
Image saved to static/images/20250518_020624_815510.jpg
Image saved to static/images/20250518_053103_225028.jpg
Image saved to static/images/20250518_061603_449582.jpg
Image saved to static/images/20250518_122440_625261.jpg
Image saved to static/images/20250518_122754_544294.jpg
Image saved to static/images/20250518_185845_562867.jpg
Image saved to static/images/20250518_191226_709181.jpg
Image saved to static/images/20250518_203103_518836.jpg
Image saved to static/images/20250518_222440_001927.jpg
Image saved to static/images/20250518_223541_810277.jpg
Image saved to static/images/20250518_230540_686777.jpg
Image saved to static/images/20250518_233808_788180.jpg
Image saved to static/images/20250519_062253_566945.jpg
Image saved to static/images/20250519_121317_378886.jpg
Image saved to static/images/20250519_135938_484656.jpg
Image saved to static/images/20250519_151826_277398.jpg
Image saved to static/images/20250519_165219_129434.jpg
Image saved to static/images/20250519_170247_305338.jpg
Image saved to static/images/20250519_211955_910152.jpg
Image saved to static/images/20250519_221819_995737.jpg
Image saved to static/images/20250519_221947_143750.jpg
Image saved to static/images/20250519_233308_861320.jpg
Image saved to static/images/20250520_002654_853742.jpg
Image saved to static/images/20250520_014737_091006.jpg
Image saved to static/images/20250520_015319_862623.jpg
Image saved to static/images/20250520_053139_093254.jpg
Image saved to static/images/20250520_053221_669703.jpg
Image saved to static/images/20250520_072839_474482.jpg
Image saved to static/images/20250520_104100_693811.jpg
Image saved to static/images/20250520_140500_408272.jpg
Image saved to static/images/20250520_201851_382792.jpg
Image saved to static/images/20250520_205226_141594.jpg
Image saved to static/images/20250520_205312_673653.jpg
Image saved to static/images/20250520_220438_699347.jpg
Image saved to static/images/20250520_233906_576578.jpg
Image saved to static/images/20250521_010359_744525.jpg
Image saved to static/images/20250521_010954_905581.jpg
Image saved to static/images/20250521_030054_577018.jpg
Image saved to static/images/20250521_030711_678967.jpg
Image saved to static/images/20250521_075352_521492.jpg
Image saved to static/images/20250521_080253_710112.jpg
Image saved to static/images/20250521_083257_678544.jpg
Image saved to static/images/20250521_084104_093241.jpg
Image saved to static/images/20250521_100003_599372.jpg
Image saved to static/images/20250521_112731_515896.jpg
Image saved to static/images/20250521_151137_874932.jpg
Image saved to static/images/20250521_180335_055233.jpg
Image saved to static/images/20250521_180607_160632.jpg
Image saved to static/images/20250521_200331_739931.jpg
Image saved to static/images/20250521_210638_503743.jpg
Image saved to static/images/20250521_211726_358937.jpg
Image saved to static/images/20250521_214613_471590.jpg
Image saved to static/images/20250521_223420_142375.jpg
Image saved to static/images/20250521_224757_123069.jpg
Image saved to static/images/20250521_224859_869009.jpg
Image saved to static/images/20250522_000851_317297.jpg
Image saved to static/images/20250522_041657_896087.jpg
Image saved to static/images/20250522_041715_678653.jpg
Image saved to static/images/20250522_073056_261262.jpg
Image saved to static/images/20250522_073107_746970.jpg
Image saved to static/images/20250522_074538_016181.jpg
Image saved to static/images/20250522_074538_204763.jpg
Image saved to static/images/20250522_074701_457397.jpg
Image saved to static/images/20250522_102249_125720.jpg
Image saved to static/images/20250522_103935_708405.jpg
Image saved to static/images/20250522_154210_169807.jpg
Image saved to static/images/20250522_202152_658803.jpg
Image saved to static/images/20250522_204511_047103.jpg
Image saved to static/images/20250522_214307_600610.jpg
Image saved to static/images/20250522_215806_270463.jpg
Image saved to static/images/20250522_221200_771204.jpg
Image saved to static/images/20250522_232755_811789.jpg
Image saved to static/images/20250522_235658_029319.jpg
Image saved to static/images/20250523_035306_546112.jpg
Image saved to static/images/20250523_035618_946332.jpg
Image saved to static/images/20250523_044255_297449.jpg
Image saved to static/images/20250523_045259_309808.jpg
Image saved to static/images/20250523_052410_788230.jpg
Image saved to static/images/20250523_112612_307742.jpg
Image saved to static/images/20250523_160749_984049.jpg
Image saved to static/images/20250523_164034_762489.jpg
Image saved to static/images/20250523_170248_796263.jpg
Image saved to static/images/20250523_172238_020112.jpg
Image saved to static/images/20250523_175059_841832.jpg
Image saved to static/images/20250523_180601_059367.jpg
Image saved to static/images/20250523_213403_559250.jpg
Image saved to static/images/20250523_213523_374221.jpg
Image saved to static/images/20250523_215301_394252.jpg
Image saved to static/images/20250523_220326_587074.jpg
Image saved to static/images/20250523_220544_181692.jpg
Image saved to static/images/20250523_220835_909381.jpg
Image saved to static/images/20250523_230919_491643.jpg
Image saved to static/images/20250524_023746_135495.jpg
Image saved to static/images/20250524_031737_791716.jpg
Image saved to static/images/20250524_033032_225419.jpg
Image saved to static/images/20250524_045523_041255.jpg
Image saved to static/images/20250524_050055_078546.jpg
Image saved to static/images/20250524_051413_183895.jpg
Image saved to static/images/20250524_081915_195209.jpg
Image saved to static/images/20250524_091026_405167.jpg
Image saved to static/images/20250524_100228_348250.jpg
Image saved to static/images/20250524_112406_626725.jpg
Image saved to static/images/20250524_180700_503190.jpg
Image saved to static/images/20250524_191256_148107.jpg
Image saved to static/images/20250524_194556_660445.jpg
Image saved to static/images/20250524_202810_520894.jpg
Image saved to static/images/20250524_214806_070085.jpg
Image saved to static/images/20250524_215632_715878.jpg
Image saved to static/images/20250524_220020_993411.jpg
Image saved to static/images/20250524_220038_612777.jpg
Image saved to static/images/20250524_220423_202008.jpg
Image saved to static/images/20250524_225254_835788.jpg
Image saved to static/images/20250524_230413_478441.jpg
Image saved to static/images/20250525_001938_260266.jpg
Image saved to static/images/20250525_002157_341184.jpg
Image saved to static/images/20250525_010221_777306.jpg
Image saved to static/images/20250525_033046_220765.jpg
Image saved to static/images/20250525_035431_605662.jpg
Image saved to static/images/20250525_041642_626671.jpg
Image saved to static/images/20250525_043755_582824.jpg
Image saved to static/images/20250525_104232_764089.jpg
Image saved to static/images/20250525_120106_015701.jpg
Image saved to static/images/20250525_193309_125650.jpg
Image saved to static/images/20250525_194831_249365.jpg
Image saved to static/images/20250525_205256_502412.jpg
Image saved to static/images/20250525_231559_356980.jpg
Image saved to static/images/20250525_232322_083741.jpg
Image saved to static/images/20250526_021318_979476.jpg
Image saved to static/images/20250526_022056_790776.jpg
Image saved to static/images/20250526_030421_271420.jpg
Image saved to static/images/20250526_030922_776629.jpg
Image saved to static/images/20250526_032658_721707.jpg
Image saved to static/images/20250526_032723_698490.jpg
Image saved to static/images/20250526_032734_598604.jpg
Image saved to static/images/20250526_041257_818187.jpg
Image saved to static/images/20250526_052741_981974.jpg
Image saved to static/images/20250526_052949_665980.jpg
Image saved to static/images/20250526_062124_325016.jpg
Image saved to static/images/20250526_093810_674097.jpg
Image saved to static/images/20250526_104133_019786.jpg
Image saved to static/images/20250526_104726_898317.jpg
Image saved to static/images/20250526_133455_887591.jpg
Image saved to static/images/20250526_173927_402139.jpg
Image saved to static/images/20250526_194925_193885.jpg
Image saved to static/images/20250526_195553_572533.jpg
Image saved to static/images/20250526_202314_873291.jpg
Image saved to static/images/20250526_202755_909987.jpg
Image saved to static/images/20250526_225313_173334.jpg
Image saved to static/images/20250526_235756_773287.jpg
Image saved to static/images/20250527_011721_019601.jpg
Image saved to static/images/20250527_011830_622053.jpg
Image saved to static/images/20250527_014212_017697.jpg
Image saved to static/images/20250527_015015_844239.jpg
Image saved to static/images/20250527_022645_701665.jpg
Image saved to static/images/20250527_040554_834946.jpg
Image saved to static/images/20250527_050958_953263.jpg
Image saved to static/images/20250527_080545_059954.jpg
Image saved to static/images/20250527_090442_164827.jpg
Image saved to static/images/20250527_093922_985691.jpg
Image saved to static/images/20250527_110742_465271.jpg
Image saved to static/images/20250527_173106_910378.jpg
Image saved to static/images/20250527_175636_564532.jpg
Image saved to static/images/20250527_203401_908117.jpg
Image saved to static/images/20250527_210323_518042.jpg
Image saved to static/images/20250527_211827_101847.jpg
Image saved to static/images/20250527_214145_361851.jpg
Image saved to static/images/20250527_215944_945738.jpg
Image saved to static/images/20250527_222648_922938.jpg
Image saved to static/images/20250527_223201_174521.jpg
Image saved to static/images/20250527_231247_158469.jpg
Image saved to static/images/20250527_231816_054257.jpg
Image saved to static/images/20250528_022106_415849.jpg
Image saved to static/images/20250528_022350_436224.jpg
Image saved to static/images/20250528_030140_873127.jpg
Image saved to static/images/20250528_032223_265360.jpg
Image saved to static/images/20250528_052518_237037.jpg
Image saved to static/images/20250528_052637_851612.jpg
Image saved to static/images/20250528_064740_869593.jpg
Image saved to static/images/20250528_065324_479240.jpg
Image saved to static/images/20250528_082224_688058.jpg
Image saved to static/images/20250528_092801_210397.jpg
Image saved to static/images/20250528_100625_318158.jpg
Image saved to static/images/20250528_113920_981690.jpg
Image saved to static/images/20250528_155207_090837.jpg
Image saved to static/images/20250528_170713_108677.jpg
Image saved to static/images/20250528_171648_858839.jpg
Image saved to static/images/20250528_174102_914292.jpg
Image saved to static/images/20250528_213453_904105.jpg
Image saved to static/images/20250528_223803_069381.jpg
Image saved to static/images/20250528_225221_205149.jpg
Image saved to static/images/20250529_010528_461263.jpg
Image saved to static/images/20250529_011231_535309.jpg
Image saved to static/images/20250529_050127_044743.jpg
Image saved to static/images/20250529_141656_858317.jpg
Image saved to static/images/20250529_153259_456612.jpg
Image saved to static/images/20250529_155807_553239.jpg
Image saved to static/images/20250529_161345_497984.jpg
Image saved to static/images/20250529_163945_836988.jpg
Image saved to static/images/20250529_183336_687825.jpg
Image saved to static/images/20250529_202048_875897.jpg
Image saved to static/images/20250529_203258_595596.jpg
Image saved to static/images/20250529_224600_496660.jpg
Image saved to static/images/20250530_000955_346409.jpg
Image saved to static/images/20250530_001329_429512.jpg
Image saved to static/images/20250530_004546_247205.jpg
Image saved to static/images/20250530_010032_022223.jpg
Image saved to static/images/20250530_015007_082321.jpg
Image saved to static/images/20250530_015346_046153.jpg
Image saved to static/images/20250530_022233_960060.jpg
Image saved to static/images/20250530_024118_987100.jpg
Image saved to static/images/20250530_075211_133068.jpg
Image saved to static/images/20250530_083224_020115.jpg
Image saved to static/images/20250530_093606_524330.jpg
Image saved to static/images/20250530_173111_898161.jpg
Image saved to static/images/20250530_192321_160998.jpg
Image saved to static/images/20250530_194648_066378.jpg
Image saved to static/images/20250530_195007_299330.jpg
Image saved to static/images/20250530_214848_559095.jpg
Image saved to static/images/20250530_220103_745393.jpg
Image saved to static/images/20250530_234240_336822.jpg
Image saved to static/images/20250531_001650_982806.jpg
Image saved to static/images/20250531_011829_752509.jpg
Image saved to static/images/20250531_011927_401083.jpg
Image saved to static/images/20250531_014933_015766.jpg
Image saved to static/images/20250531_015538_875775.jpg
Image saved to static/images/20250531_041036_673472.jpg
Image saved to static/images/20250531_041410_446518.jpg
Image saved to static/images/20250531_044613_042095.jpg
Image saved to static/images/20250531_044854_229932.jpg
Image saved to static/images/20250531_050317_915477.jpg
Image saved to static/images/20250531_100901_415788.jpg
Image saved to static/images/20250531_111304_945231.jpg
Image saved to static/images/20250531_141743_244897.jpg
Image saved to static/images/20250531_142407_265826.jpg
Image saved to static/images/20250531_201710_627757.jpg
Image saved to static/images/20250531_212804_958097.jpg
Image saved to static/images/20250531_223716_255976.jpg
Image saved to static/images/20250531_224845_266117.jpg
Image saved to static/images/20250601_004849_132670.jpg
Image saved to static/images/20250601_010037_404516.jpg
Image saved to static/images/20250601_034116_734079.jpg
Image saved to static/images/20250601_035343_837318.jpg
Image saved to static/images/20250601_072539_438540.jpg
Image saved to static/images/20250601_081652_221042.jpg
Image saved to static/images/20250601_132438_084334.jpg
Image saved to static/images/20250601_142038_473687.jpg
Image saved to static/images/20250601_145514_908180.jpg
Image saved to static/images/20250601_150756_316988.jpg
Image saved to static/images/20250601_152033_319681.jpg
Image saved to static/images/20250601_172910_091251.jpg
Image saved to static/images/20250601_203827_612290.jpg
Image saved to static/images/20250601_214213_680743.jpg
Image saved to static/images/20250601_215842_729425.jpg
Image saved to static/images/20250601_223757_793845.jpg
Image saved to static/images/20250601_224002_624526.jpg
Image saved to static/images/20250601_225803_638968.jpg
Image saved to static/images/20250601_233722_722071.jpg
Image saved to static/images/20250602_003826_348776.jpg
Image saved to static/images/20250602_004522_630567.jpg
Image saved to static/images/20250602_012947_790423.jpg
Image saved to static/images/20250602_013839_131888.jpg
Image saved to static/images/20250602_025226_542135.jpg
Image saved to static/images/20250602_025908_581192.jpg
Image saved to static/images/20250602_042128_506075.jpg
Image saved to static/images/20250602_112646_248315.jpg
Image saved to static/images/20250602_115941_933966.jpg
Image saved to static/images/20250602_161133_012235.jpg
Image saved to static/images/20250602_163816_764596.jpg
Image saved to static/images/20250602_164757_853620.jpg
Image saved to static/images/20250602_180525_059099.jpg
Image saved to static/images/20250602_212540_130006.jpg
Image saved to static/images/20250602_213104_134668.jpg
Image saved to static/images/20250602_223531_975192.jpg
Image saved to static/images/20250602_223542_040335.jpg
Image saved to static/images/20250602_223701_790807.jpg
Image saved to static/images/20250602_225306_743282.jpg
Image saved to static/images/20250602_225700_400372.jpg
Image saved to static/images/20250603_002317_692449.jpg
Image saved to static/images/20250603_002324_887866.jpg
Image saved to static/images/20250603_002708_348449.jpg
Image saved to static/images/20250603_014906_777424.jpg
Image saved to static/images/20250603_015401_925257.jpg
Image saved to static/images/20250603_041042_540160.jpg
Image saved to static/images/20250603_041234_334839.jpg
Image saved to static/images/20250603_041843_841576.jpg
Image saved to static/images/20250603_105258_087747.jpg
Image saved to static/images/20250603_105936_979946.jpg
Image saved to static/images/20250603_110506_153433.jpg
Image saved to static/images/20250603_135612_408172.jpg
Image saved to static/images/20250603_141255_176932.jpg
Image saved to static/images/20250603_163044_477283.jpg
Image saved to static/images/20250603_181637_430379.jpg
Image saved to static/images/20250603_204210_736564.jpg
Image saved to static/images/20250603_225324_396545.jpg
Image saved to static/images/20250603_225555_805146.jpg
Image saved to static/images/20250603_232225_311012.jpg
Image saved to static/images/20250603_233501_166859.jpg
Image saved to static/images/20250604_000101_298025.jpg
Image saved to static/images/20250604_000541_524280.jpg
Image saved to static/images/20250604_022633_755851.jpg
Image saved to static/images/20250604_022950_357720.jpg
Image saved to static/images/20250604_040628_105542.jpg
Image saved to static/images/20250604_095300_437138.jpg
Image saved to static/images/20250604_141358_600090.jpg
Image saved to static/images/20250604_141623_243255.jpg
Image saved to static/images/20250604_141641_877286.jpg
Image saved to static/images/20250604_141704_510729.jpg
Image saved to static/images/20250604_144839_698752.jpg
Image saved to static/images/20250604_152238_063618.jpg
Image saved to static/images/20250604_163909_286596.jpg
Image saved to static/images/20250604_163931_559342.jpg
Image saved to static/images/20250604_163943_435232.jpg
Image saved to static/images/20250604_181111_385649.jpg
Image saved to static/images/20250604_181124_263863.jpg
Image saved to static/images/20250604_190107_178339.jpg
Image saved to static/images/20250604_190610_820378.jpg
Image saved to static/images/20250604_213104_030278.jpg
Image saved to static/images/20250604_213544_151065.jpg
Image saved to static/images/20250604_233946_188071.jpg
Image saved to static/images/20250604_234506_565614.jpg
Image saved to static/images/20250605_015521_150099.jpg
Image saved to static/images/20250605_015932_886965.jpg
Image saved to static/images/20250605_023540_191798.jpg
Image saved to static/images/20250605_023952_905768.jpg
Image saved to static/images/20250605_033829_577151.jpg
Image saved to static/images/20250605_034135_894820.jpg
Image saved to static/images/20250605_040241_769467.jpg
Image saved to static/images/20250605_042845_792307.jpg
Image saved to static/images/20250605_043059_509673.jpg
Image saved to static/images/20250605_150214_645914.jpg
Image saved to static/images/20250605_155251_797555.jpg
Image saved to static/images/20250605_155631_315179.jpg
Image saved to static/images/20250605_170457_495275.jpg
Image saved to static/images/20250605_172205_394854.jpg
Image saved to static/images/20250605_185828_811819.jpg
Image saved to static/images/20250605_201543_996083.jpg
Image saved to static/images/20250605_211232_774130.jpg
Image saved to static/images/20250605_230026_095495.jpg
Image saved to static/images/20250605_230047_167465.jpg
Image saved to static/images/20250606_001443_156286.jpg
Image saved to static/images/20250606_004949_429177.jpg
Image saved to static/images/20250606_005408_128344.jpg
Image saved to static/images/20250606_020414_860424.jpg
Image saved to static/images/20250606_021034_130714.jpg
Image saved to static/images/20250606_033209_685294.jpg
Image saved to static/images/20250606_034041_744988.jpg
Image saved to static/images/20250606_041056_197048.jpg
Image saved to static/images/20250606_043129_084577.jpg
Image saved to static/images/20250606_081113_788968.jpg
Image saved to static/images/20250606_085205_720985.jpg
Image saved to static/images/20250606_101130_957897.jpg
Image saved to static/images/20250606_120604_731052.jpg
Image saved to static/images/20250606_185804_353681.jpg
Image saved to static/images/20250606_194809_948543.jpg
Image saved to static/images/20250606_201247_740890.jpg
Image saved to static/images/20250606_203751_071074.jpg
Image saved to static/images/20250606_205336_744162.jpg
Image saved to static/images/20250606_221723_995943.jpg
Image saved to static/images/20250606_221803_754680.jpg
Image saved to static/images/20250606_231710_651716.jpg
Image saved to static/images/20250606_231719_277967.jpg
Image saved to static/images/20250606_231735_160801.jpg
Image saved to static/images/20250606_233130_532810.jpg
Image saved to static/images/20250607_000600_056273.jpg
Image saved to static/images/20250607_004619_307001.jpg
Image saved to static/images/20250607_014328_987861.jpg
Image saved to static/images/20250607_015142_361597.jpg
Image saved to static/images/20250607_015157_504400.jpg
Image saved to static/images/20250607_015247_348129.jpg
Image saved to static/images/20250607_021005_441501.jpg
Image saved to static/images/20250607_021127_365892.jpg
Image saved to static/images/20250607_024626_678739.jpg
Image saved to static/images/20250607_025154_302398.jpg
Image saved to static/images/20250607_031231_082308.jpg
Image saved to static/images/20250607_031356_112191.jpg
Image saved to static/images/20250607_040749_103870.jpg
Image saved to static/images/20250607_041235_350034.jpg
Image saved to static/images/20250607_042830_135653.jpg
Image saved to static/images/20250607_082816_393550.jpg
Image saved to static/images/20250607_093853_597664.jpg
Image saved to static/images/20250607_140752_214954.jpg
Image saved to static/images/20250607_155046_647805.jpg
Image saved to static/images/20250607_171924_057127.jpg
Image saved to static/images/20250607_174153_258182.jpg
Image saved to static/images/20250607_190419_021101.jpg
Image saved to static/images/20250608_010056_816335.jpg
Image saved to static/images/20250608_014752_484582.jpg
Image saved to static/images/20250608_014837_240099.jpg
Image saved to static/images/20250608_022803_665847.jpg
Image saved to static/images/20250608_022912_933650.jpg
Image saved to static/images/20250608_025304_123133.jpg
Image saved to static/images/20250608_034310_258952.jpg
Image saved to static/images/20250608_035353_070217.jpg
Image saved to static/images/20250608_035823_478933.jpg
Image saved to static/images/20250608_040005_164041.jpg
Image saved to static/images/20250608_040348_455470.jpg
Image saved to static/images/20250608_041722_667122.jpg
Image saved to static/images/20250608_102434_794537.jpg
Image saved to static/images/20250608_110303_879927.jpg
Image saved to static/images/20250608_111138_489946.jpg
Image saved to static/images/20250609_012128_735540.jpg
Image saved to static/images/20250609_012705_528764.jpg
Image saved to static/images/20250609_051154_701641.jpg
Image saved to static/images/20250609_052210_503813.jpg
Image saved to static/images/20250609_064330_004777.jpg
Image saved to static/images/20250609_152325_661992.jpg
Image saved to static/images/20250609_181840_079221.jpg
Image saved to static/images/20250609_215445_930054.jpg
Image saved to static/images/20250609_220609_820331.jpg
Image saved to static/images/20250609_235120_103413.jpg
Image saved to static/images/20250609_235210_187238.jpg
Image saved to static/images/20250610_003016_310339.jpg
Image saved to static/images/20250610_003438_079114.jpg
Image saved to static/images/20250610_004204_366761.jpg
Image saved to static/images/20250610_004343_369760.jpg
Image saved to static/images/20250610_020805_731895.jpg
Image saved to static/images/20250610_031804_243395.jpg
Image saved to static/images/20250610_042046_108217.jpg
Image saved to static/images/20250610_043508_879983.jpg
Image saved to static/images/20250610_082853_768287.jpg
Image saved to static/images/20250610_150834_674891.jpg
Image saved to static/images/20250610_161902_172623.jpg
Image saved to static/images/20250610_163623_963543.jpg
Image saved to static/images/20250610_170405_494041.jpg
Image saved to static/images/20250610_171141_481711.jpg
Image saved to static/images/20250610_194828_503083.jpg
Image saved to static/images/20250610_213711_651048.jpg
Image saved to static/images/20250610_223010_245101.jpg
Image saved to static/images/20250610_224512_591857.jpg
Image saved to static/images/20250610_235619_876659.jpg
Image saved to static/images/20250611_020050_267812.jpg
Image saved to static/images/20250611_020344_841769.jpg
Image saved to static/images/20250611_033429_539209.jpg
Image saved to static/images/20250611_035308_917827.jpg
Image saved to static/images/20250611_042452_309290.jpg
Image saved to static/images/20250611_075915_538929.jpg
Image saved to static/images/20250611_091153_608540.jpg
Image saved to static/images/20250611_171036_487870.jpg
Image saved to static/images/20250611_182948_506638.jpg
Image saved to static/images/20250611_211747_227980.jpg
Image saved to static/images/20250611_233515_341679.jpg
Image saved to static/images/20250611_234236_958404.jpg
Image saved to static/images/20250612_001048_574285.jpg
Image saved to static/images/20250612_001349_942018.jpg
Image saved to static/images/20250612_014911_480675.jpg
Image saved to static/images/20250612_015333_806755.jpg
Image saved to static/images/20250612_035116_588261.jpg
Image saved to static/images/20250612_035555_051616.jpg
Image saved to static/images/20250612_043938_945828.jpg
Image saved to static/images/20250612_130417_223261.jpg
Image saved to static/images/20250612_131032_926883.jpg
Image saved to static/images/20250612_134614_664233.jpg
Image saved to static/images/20250612_184642_662279.jpg
Image saved to static/images/20250612_190428_401345.jpg
Image saved to static/images/20250612_210848_770519.jpg
Image saved to static/images/20250612_212425_978749.jpg
Image saved to static/images/20250613_012504_270664.jpg
Image saved to static/images/20250613_012925_254465.jpg
Image saved to static/images/20250613_025701_535360.jpg
Image saved to static/images/20250613_030523_057758.jpg
Image saved to static/images/20250613_052413_220021.jpg
Image saved to static/images/20250613_053532_303674.jpg
Image saved to static/images/20250613_053547_166267.jpg
Image saved to static/images/20250613_064735_861477.jpg
Image saved to static/images/20250613_103022_933986.jpg
Image saved to static/images/20250613_103235_317552.jpg
Image saved to static/images/20250613_172527_971871.jpg
Image saved to static/images/20250613_193706_295271.jpg
Image saved to static/images/20250613_194701_282008.jpg
Image saved to static/images/20250614_000642_690992.jpg
Image saved to static/images/20250614_002031_200207.jpg
Image saved to static/images/20250614_044856_221594.jpg
Image saved to static/images/20250614_135202_317027.jpg
Image saved to static/images/20250614_220150_024593.jpg
Image saved to static/images/20250614_223907_525251.jpg
Image saved to static/images/20250614_231211_400048.jpg
Image saved to static/images/20250614_231236_495621.jpg
Image saved to static/images/20250614_232446_620533.jpg
Image saved to static/images/20250614_232804_089454.jpg
Image saved to static/images/20250615_004212_383277.jpg
Image saved to static/images/20250615_005428_373102.jpg
Image saved to static/images/20250615_024311_561704.jpg
Image saved to static/images/20250615_024848_147336.jpg
Image saved to static/images/20250615_041510_624178.jpg
Image saved to static/images/20250615_041953_232878.jpg
Image saved to static/images/20250615_061932_019460.jpg
Image saved to static/images/20250615_062303_097042.jpg
Image saved to static/images/20250615_155317_381919.jpg
Image saved to static/images/20250615_185358_575879.jpg
Image saved to static/images/20250615_191106_975346.jpg
Image saved to static/images/20250615_202736_449030.jpg
Image saved to static/images/20250615_220342_369992.jpg
Image saved to static/images/20250615_224949_580946.jpg
Image saved to static/images/20250615_231544_601086.jpg
Image saved to static/images/20250616_005436_233445.jpg
Image saved to static/images/20250616_005934_482689.jpg
Image saved to static/images/20250616_023115_801137.jpg
Image saved to static/images/20250616_023557_341127.jpg
Image saved to static/images/20250616_035341_884095.jpg
Image saved to static/images/20250616_083518_231477.jpg
Image saved to static/images/20250616_130104_211314.jpg
Image saved to static/images/20250616_185700_363044.jpg
Image saved to static/images/20250616_205600_984607.jpg
Image saved to static/images/20250616_230338_960624.jpg
Image saved to static/images/20250616_231503_630923.jpg
Image saved to static/images/20250616_234415_287197.jpg
Image saved to static/images/20250616_234456_814302.jpg
Image saved to static/images/20250617_003547_167881.jpg
Image saved to static/images/20250617_004303_566252.jpg
Image saved to static/images/20250617_020350_553570.jpg
Image saved to static/images/20250617_020404_362535.jpg
Image saved to static/images/20250617_020416_183751.jpg
Image saved to static/images/20250617_020431_187591.jpg
Image saved to static/images/20250617_034637_043080.jpg
Image saved to static/images/20250617_040818_171869.jpg
Image saved to static/images/20250617_045508_864476.jpg
Image saved to static/images/20250617_050225_120148.jpg
Image saved to static/images/20250617_053518_678352.jpg
Image saved to static/images/20250617_070730_964107.jpg
Image saved to static/images/20250617_122102_098232.jpg
Image saved to static/images/20250617_220022_159511.jpg
Image saved to static/images/20250617_221845_077621.jpg
Image saved to static/images/20250617_223055_532414.jpg
Image saved to static/images/20250617_225400_323145.jpg
Image saved to static/images/20250617_230114_749617.jpg
Image saved to static/images/20250617_232434_101966.jpg
Image saved to static/images/20250617_232458_006651.jpg
Image saved to static/images/20250617_232538_946112.jpg
Image saved to static/images/20250617_232605_294430.jpg
Image saved to static/images/20250618_004359_128110.jpg
Image saved to static/images/20250618_004408_794520.jpg
Image saved to static/images/20250618_005033_528609.jpg
Image saved to static/images/20250618_033743_380450.jpg
Image saved to static/images/20250618_040134_185829.jpg
Image saved to static/images/20250618_063519_935100.jpg
Image saved to static/images/20250618_170711_314365.jpg
Image saved to static/images/20250618_202118_920570.jpg
Image saved to static/images/20250618_204023_420990.jpg
Image saved to static/images/20250618_234056_907564.jpg
Image saved to static/images/20250619_061057_731294.jpg
Image saved to static/images/20250619_152117_308998.jpg
Image saved to static/images/20250619_192744_032038.jpg
Image saved to static/images/20250619_211240_054396.jpg
Image saved to static/images/20250619_213822_416744.jpg
Image saved to static/images/20250619_225321_000803.jpg
Image saved to static/images/20250619_225400_933481.jpg
Image saved to static/images/20250620_010300_415417.jpg
Image saved to static/images/20250620_010615_851843.jpg
Image saved to static/images/20250620_021006_657772.jpg
Image saved to static/images/20250620_042002_673754.jpg
Image saved to static/images/20250620_042440_742719.jpg
Image saved to static/images/20250620_060522_286495.jpg
Image saved to static/images/20250620_061002_662652.jpg
Image saved to static/images/20250620_135401_651284.jpg
Image saved to static/images/20250620_135940_633687.jpg
Image saved to static/images/20250620_175214_585745.jpg
Image saved to static/images/20250620_180955_921180.jpg
Image saved to static/images/20250620_195542_674550.jpg
Image saved to static/images/20250620_234719_812467.jpg
Image saved to static/images/20250620_235844_322714.jpg
Image saved to static/images/20250621_004526_901264.jpg
Image saved to static/images/20250621_005004_522318.jpg
Image saved to static/images/20250621_034500_018952.jpg
Image saved to static/images/20250621_100303_057038.jpg
Image saved to static/images/20250621_210409_251145.jpg
Image saved to static/images/20250621_210633_543292.jpg
Image saved to static/images/20250621_210838_848596.jpg
Image saved to static/images/20250621_215721_679356.jpg
Image saved to static/images/20250622_024935_050194.jpg
Image saved to static/images/20250622_025512_984870.jpg
Image saved to static/images/20250622_035054_313972.jpg
Image saved to static/images/20250622_040208_979332.jpg
Image saved to static/images/20250622_182712_793554.jpg
Image saved to static/images/20250622_183831_373937.jpg
Image saved to static/images/20250622_193416_259375.jpg
Image saved to static/images/20250622_212445_516811.jpg
Image saved to static/images/20250622_235228_223406.jpg
Image saved to static/images/20250622_235257_931495.jpg
Image saved to static/images/20250622_235307_363105.jpg
Image saved to static/images/20250623_003834_923586.jpg
Image saved to static/images/20250623_004352_976082.jpg
Image saved to static/images/20250623_031742_055253.jpg
Image saved to static/images/20250623_032446_925609.jpg
Image saved to static/images/20250623_040039_785776.jpg
Image saved to static/images/20250623_041617_603559.jpg
Image saved to static/images/20250623_073343_728768.jpg
Image saved to static/images/20250623_074451_010168.jpg
Image saved to static/images/20250623_125609_351840.jpg
Image saved to static/images/20250623_170803_378774.jpg
Image saved to static/images/20250623_173430_815676.jpg
Image saved to static/images/20250623_174213_225160.jpg
Image saved to static/images/20250623_185935_142549.jpg
Image saved to static/images/20250623_200309_831867.jpg
Image saved to static/images/20250623_213507_171331.jpg
Image saved to static/images/20250623_222002_124646.jpg
Image saved to static/images/20250623_224405_716192.jpg
Image saved to static/images/20250624_004846_295249.jpg
Image saved to static/images/20250624_005304_345175.jpg
Image saved to static/images/20250624_014230_328665.jpg
Image saved to static/images/20250624_023308_465544.jpg
Image saved to static/images/20250624_024536_052075.jpg
Image saved to static/images/20250624_041109_630353.jpg
Image saved to static/images/20250624_064705_287103.jpg
Image saved to static/images/20250624_074940_211253.jpg
Image saved to static/images/20250624_080334_315757.jpg
Image saved to static/images/20250624_092344_771110.jpg
Image saved to static/images/20250624_100431_079210.jpg
Image saved to static/images/20250624_101118_426835.jpg
Image saved to static/images/20250624_101805_333104.jpg
Image saved to static/images/20250624_160302_379046.jpg
Image saved to static/images/20250624_162244_734041.jpg
Image saved to static/images/20250624_165200_515157.jpg
Image saved to static/images/20250624_165838_408313.jpg
Image saved to static/images/20250624_205547_124329.jpg
Image saved to static/images/20250624_215056_072670.jpg
Image saved to static/images/20250624_220708_145457.jpg
Image saved to static/images/20250625_014753_301560.jpg
Image saved to static/images/20250625_014945_538808.jpg
Image saved to static/images/20250625_015612_752168.jpg
Image saved to static/images/20250625_032503_609686.jpg
Image saved to static/images/20250625_115240_064467.jpg
Image saved to static/images/20250625_121652_001287.jpg
Image saved to static/images/20250625_190815_245959.jpg
Image saved to static/images/20250625_190824_038314.jpg
Image saved to static/images/20250625_212139_415128.jpg
Image saved to static/images/20250625_233441_903748.jpg
Image saved to static/images/20250625_233514_172290.jpg
Image saved to static/images/20250626_061017_245395.jpg
Image saved to static/images/20250626_092456_069740.jpg
Image saved to static/images/20250626_223328_558553.jpg
Image saved to static/images/20250627_002335_942180.jpg
Image saved to static/images/20250627_003930_103799.jpg
Image saved to static/images/20250627_044118_761290.jpg
Image saved to static/images/20250627_044644_899084.jpg
Image saved to static/images/20250627_083852_350752.jpg
Image saved to static/images/20250627_094620_617443.jpg
Image saved to static/images/20250627_095106_498233.jpg
Image saved to static/images/20250627_100511_618864.jpg
Image saved to static/images/20250627_150853_045032.jpg
Image saved to static/images/20250627_153106_031852.jpg
Image saved to static/images/20250627_154024_626976.jpg
Image saved to static/images/20250627_155908_477815.jpg
Image saved to static/images/20250627_190439_932751.jpg
Image saved to static/images/20250627_191625_708434.jpg
Image saved to static/images/20250627_212811_156412.jpg
Image saved to static/images/20250627_213051_411461.jpg
Image saved to static/images/20250627_225620_070307.jpg
Image saved to static/images/20250627_230107_206192.jpg
Image saved to static/images/20250628_004446_423791.jpg
Image saved to static/images/20250628_011135_569470.jpg
Image saved to static/images/20250628_023829_514183.jpg
Image saved to static/images/20250628_142839_597002.jpg
Image saved to static/images/20250628_165930_729711.jpg
Image saved to static/images/20250628_205619_103187.jpg
Image saved to static/images/20250628_210328_085813.jpg
Image saved to static/images/20250628_211721_330342.jpg
Image saved to static/images/20250628_221940_134106.jpg
Image saved to static/images/20250629_005702_139782.jpg
Image saved to static/images/20250629_012845_303353.jpg
Image saved to static/images/20250629_023307_724239.jpg
Image saved to static/images/20250629_063838_650987.jpg
Image saved to static/images/20250629_064319_360464.jpg
Image saved to static/images/20250629_075529_263270.jpg
Image saved to static/images/20250629_082406_893293.jpg
Image saved to static/images/20250629_144401_799782.jpg
Image saved to static/images/20250629_193631_075976.jpg
Image saved to static/images/20250629_204846_050025.jpg
Image saved to static/images/20250629_204940_367391.jpg
Image saved to static/images/20250629_215225_486385.jpg
Image saved to static/images/20250629_225237_605710.jpg
Image saved to static/images/20250629_230057_947974.jpg
Image saved to static/images/20250630_054024_835147.jpg
Image saved to static/images/20250630_054042_225081.jpg
Image saved to static/images/20250630_071056_113267.jpg
Image saved to static/images/20250630_102237_058246.jpg
Image saved to static/images/20250630_161055_463440.jpg
Image saved to static/images/20250630_161102_137245.jpg
Image saved to static/images/20250630_164113_799172.jpg
Image saved to static/images/20250630_165540_391846.jpg
Image saved to static/images/20250630_194745_680542.jpg
Image saved to static/images/20250630_195923_737426.jpg
Image saved to static/images/20250701_004151_406299.jpg
Image saved to static/images/20250701_063730_514225.jpg
Image saved to static/images/20250701_064418_182756.jpg
Image saved to static/images/20250701_143423_943696.jpg
Image saved to static/images/20250701_143441_432815.jpg
Image saved to static/images/20250701_144634_086872.jpg
Image saved to static/images/20250701_161915_683117.jpg
Image saved to static/images/20250701_175330_818261.jpg
Image saved to static/images/20250701_175348_508869.jpg
Image saved to static/images/20250701_183005_619103.jpg
Image saved to static/images/20250701_213714_036882.jpg
Image saved to static/images/20250701_221210_330458.jpg
Image saved to static/images/20250701_225847_955702.jpg
Image saved to static/images/20250702_211128_549487.jpg
Image saved to static/images/20250702_221808_669405.jpg
Image saved to static/images/20250702_235747_705283.jpg
Image saved to static/images/20250703_004903_221099.jpg
Image saved to static/images/20250703_092621_659022.jpg
Image saved to static/images/20250703_093822_171793.jpg
Image saved to static/images/20250703_101101_861948.jpg
Image saved to static/images/20250703_155448_247037.jpg
Image saved to static/images/20250703_184932_546322.jpg
Image saved to static/images/20250703_191101_318029.jpg
Image saved to static/images/20250703_195414_267686.jpg
Image saved to static/images/20250703_200224_626731.jpg
Image saved to static/images/20250703_202919_053733.jpg
Image saved to static/images/20250703_214904_952774.jpg
Image saved to static/images/20250703_231925_005785.jpg
Image saved to static/images/20250703_232510_235154.jpg
Image saved to static/images/20250703_235232_623248.jpg
Image saved to static/images/20250704_014351_643895.jpg
Image saved to static/images/20250704_014847_619327.jpg
Image saved to static/images/20250704_060940_039687.jpg
Image saved to static/images/20250704_182555_255688.jpg
Image saved to static/images/20250704_183916_718781.jpg
Image saved to static/images/20250704_204715_074385.jpg
Image saved to static/images/20250704_204918_373039.jpg
Image saved to static/images/20250704_215812_321882.jpg
Connected to MQTT Broker!
Ignored retained message on initial connection.
Image saved to static/images/20250705_022811_836531.jpg
Image saved to static/images/20250705_091801_075601.jpg
Image saved to static/images/20250705_093246_988823.jpg
Image saved to static/images/20250705_100908_808057.jpg
Image saved to static/images/20250705_110024_561285.jpg
Image saved to static/images/20250705_175311_431922.jpg
Image saved to static/images/20250705_175442_920659.jpg
Image saved to static/images/20250705_181256_959491.jpg
Image saved to static/images/20250705_184124_007521.jpg
Image saved to static/images/20250705_235019_254602.jpg
Image saved to static/images/20250706_004245_753128.jpg
Image saved to static/images/20250706_021055_217666.jpg
Image saved to static/images/20250706_085949_551076.jpg
Image saved to static/images/20250706_102814_933897.jpg
Image saved to static/images/20250706_103745_073136.jpg
Image saved to static/images/20250706_181415_625749.jpg
Image saved to static/images/20250706_202228_377562.jpg
Image saved to static/images/20250706_213001_026836.jpg
Image saved to static/images/20250706_213223_110800.jpg
Image saved to static/images/20250706_213343_086159.jpg
Image saved to static/images/20250706_213614_123064.jpg
Image saved to static/images/20250706_213649_650911.jpg
Image saved to static/images/20250706_220239_824925.jpg
Image saved to static/images/20250706_232033_160104.jpg
Image saved to static/images/20250706_232113_627578.jpg
Image saved to static/images/20250707_012350_686888.jpg
Image saved to static/images/20250707_100130_978453.jpg
Image saved to static/images/20250707_100608_988045.jpg
Image saved to static/images/20250707_101631_838192.jpg
Image saved to static/images/20250707_101812_158556.jpg
Image saved to static/images/20250707_101819_812045.jpg
Image saved to static/images/20250707_101847_084538.jpg
Image saved to static/images/20250707_102011_687533.jpg
Image saved to static/images/20250707_102033_950546.jpg
Image saved to static/images/20250707_102110_935343.jpg
Image saved to static/images/20250707_102143_477421.jpg
Image saved to static/images/20250707_102240_815814.jpg
Image saved to static/images/20250707_142413_847198.jpg
Image saved to static/images/20250707_142937_336134.jpg
Image saved to static/images/20250707_143001_970495.jpg
Image saved to static/images/20250707_143019_146720.jpg
Image saved to static/images/20250707_143056_046501.jpg
Connected to MQTT Broker!
Ignored retained message on initial connection.
Image saved to static/images/20250716_164556_811160.jpg
Image saved to static/images/20250716_164658_095678.jpg
Image saved to static/images/20250716_164711_514118.jpg
Image saved to static/images/20250716_164727_988534.jpg
Image saved to static/images/20250716_164924_748278.jpg
Image saved to static/images/20250716_165022_690509.jpg
Image saved to static/images/20250716_165040_291732.jpg
Image saved to static/images/20250716_165211_319707.jpg
Image saved to static/images/20250716_181006_006055.jpg
Image saved to static/images/20250716_220316_206806.jpg
Image saved to static/images/20250719_152450_791648.jpg
Image saved to static/images/20250719_153027_418299.jpg
Image saved to static/images/20250720_162723_321061.jpg
Image saved to static/images/20250721_143215_085767.jpg
Image saved to static/images/20250721_143228_681848.jpg
Image saved to static/images/20250721_143343_657328.jpg
Image saved to static/images/20250721_164542_514493.jpg
Image saved to static/images/20250721_190926_862847.jpg
Image saved to static/images/20250721_201409_037423.jpg
Image saved to static/images/20250721_235100_877624.jpg
Image saved to static/images/20250722_001016_497499.jpg
Image saved to static/images/20250722_001639_072534.jpg
Image saved to static/images/20250722_023934_020148.jpg
Image saved to static/images/20250722_030005_394963.jpg
Image saved to static/images/20250722_030716_053820.jpg
Image saved to static/images/20250722_031106_572849.jpg
Image saved to static/images/20250722_062526_905618.jpg
Image saved to static/images/20250722_062952_919808.jpg
Image saved to static/images/20250722_063000_685614.jpg
Image saved to static/images/20250722_063224_943104.jpg
Image saved to static/images/20250722_091021_104314.jpg
Image saved to static/images/20250722_101747_916411.jpg
Image saved to static/images/20250722_170723_076217.jpg
Image saved to static/images/20250722_205338_269739.jpg
Image saved to static/images/20250722_215216_117505.jpg
Image saved to static/images/20250723_010902_030613.jpg
Image saved to static/images/20250723_033705_834580.jpg
Image saved to static/images/20250723_045409_041409.jpg
Image saved to static/images/20250723_074146_666122.jpg
Image saved to static/images/20250723_081834_370595.jpg
Image saved to static/images/20250723_081857_218182.jpg
Image saved to static/images/20250723_083036_635024.jpg
Image saved to static/images/20250723_155458_352137.jpg
Image saved to static/images/20250723_160938_015599.jpg
Image saved to static/images/20250723_170401_757382.jpg
Image saved to static/images/20250723_204502_296151.jpg
Image saved to static/images/20250723_214332_270630.jpg
Image saved to static/images/20250723_214336_726179.jpg
Image saved to static/images/20250723_220005_447378.jpg
Image saved to static/images/20250723_222349_899573.jpg
Image saved to static/images/20250723_231533_939681.jpg
Image saved to static/images/20250723_232109_924141.jpg
Image saved to static/images/20250724_011747_422725.jpg
Image saved to static/images/20250724_012942_784677.jpg
Image saved to static/images/20250724_074611_597763.jpg
Image saved to static/images/20250724_075131_763549.jpg
Image saved to static/images/20250724_110446_383842.jpg
Image saved to static/images/20250724_120304_785355.jpg
Image saved to static/images/20250724_132715_159178.jpg
Image saved to static/images/20250724_134105_936274.jpg
Image saved to static/images/20250724_155735_823011.jpg
Image saved to static/images/20250724_211134_328242.jpg
Image saved to static/images/20250724_215355_151098.jpg
Image saved to static/images/20250724_221913_206417.jpg
Image saved to static/images/20250724_234522_138869.jpg
Image saved to static/images/20250724_235525_810875.jpg
Image saved to static/images/20250725_043902_523669.jpg
Image saved to static/images/20250725_044235_521733.jpg
Image saved to static/images/20250725_062229_403618.jpg
Image saved to static/images/20250725_063110_594829.jpg
Image saved to static/images/20250725_080742_044607.jpg
Image saved to static/images/20250725_135312_890714.jpg
Image saved to static/images/20250725_173641_640285.jpg
Image saved to static/images/20250725_190726_423385.jpg
Image saved to static/images/20250725_193419_521631.jpg
Image saved to static/images/20250725_222008_022563.jpg
Image saved to static/images/20250725_222028_871641.jpg
Image saved to static/images/20250725_222811_857078.jpg
Image saved to static/images/20250725_225223_178234.jpg
Image saved to static/images/20250725_230356_134721.jpg
Image saved to static/images/20250726_002848_738518.jpg
Image saved to static/images/20250726_004704_801435.jpg
Image saved to static/images/20250726_041437_724994.jpg
Image saved to static/images/20250726_042021_434878.jpg
Image saved to static/images/20250726_083358_556508.jpg
Image saved to static/images/20250726_084738_429722.jpg
Image saved to static/images/20250726_095633_189688.jpg
Image saved to static/images/20250726_101134_336111.jpg
Image saved to static/images/20250726_103113_068789.jpg
Image saved to static/images/20250726_103159_932836.jpg
Image saved to static/images/20250726_113526_118709.jpg
Image saved to static/images/20250726_153234_574225.jpg
Image saved to static/images/20250726_202013_441181.jpg
Image saved to static/images/20250726_222849_389029.jpg
Image saved to static/images/20250726_222930_452811.jpg
Image saved to static/images/20250726_224618_621894.jpg
Image saved to static/images/20250727_002646_720168.jpg
Image saved to static/images/20250727_013209_930336.jpg
Image saved to static/images/20250727_050338_438506.jpg
Image saved to static/images/20250727_051022_911731.jpg
Image saved to static/images/20250727_101955_952511.jpg
Image saved to static/images/20250727_102837_371279.jpg
Image saved to static/images/20250727_115043_910411.jpg
Image saved to static/images/20250727_150720_293133.jpg
Image saved to static/images/20250727_165825_608237.jpg
Image saved to static/images/20250727_181452_111432.jpg
Image saved to static/images/20250727_182656_708598.jpg
Image saved to static/images/20250727_223545_108879.jpg
Image saved to static/images/20250727_224626_293314.jpg
Image saved to static/images/20250727_232700_244021.jpg
Image saved to static/images/20250727_232717_990915.jpg
Image saved to static/images/20250727_232734_549983.jpg
Image saved to static/images/20250727_232901_527052.jpg
Image saved to static/images/20250728_002104_579360.jpg
Image saved to static/images/20250728_013201_576907.jpg
Image saved to static/images/20250728_033240_337292.jpg
Image saved to static/images/20250728_033541_303448.jpg
Image saved to static/images/20250728_064853_593183.jpg
Image saved to static/images/20250728_065343_904404.jpg
Image saved to static/images/20250728_082643_838310.jpg
Image saved to static/images/20250728_160600_629687.jpg
Image saved to static/images/20250728_160854_585081.jpg
Image saved to static/images/20250728_173327_117045.jpg
Image saved to static/images/20250728_210546_492666.jpg
Image saved to static/images/20250728_214457_934199.jpg
Image saved to static/images/20250728_215234_310456.jpg
Image saved to static/images/20250728_231353_926303.jpg
Image saved to static/images/20250729_032007_401809.jpg
Image saved to static/images/20250729_062946_676026.jpg
Image saved to static/images/20250729_063103_555045.jpg
Image saved to static/images/20250729_100959_844040.jpg
Image saved to static/images/20250729_101057_782354.jpg
Image saved to static/images/20250729_112526_654026.jpg
Image saved to static/images/20250729_184629_296781.jpg
Image saved to static/images/20250729_185946_022052.jpg
Image saved to static/images/20250729_192835_695746.jpg
Image saved to static/images/20250729_195448_343539.jpg
Image saved to static/images/20250729_201844_891848.jpg
Image saved to static/images/20250729_221517_720072.jpg
Image saved to static/images/20250729_221537_914323.jpg
Image saved to static/images/20250729_222254_214784.jpg
Image saved to static/images/20250729_224739_687112.jpg
Image saved to static/images/20250729_230246_052161.jpg
Image saved to static/images/20250730_001000_786797.jpg
Image saved to static/images/20250730_001424_987390.jpg
Image saved to static/images/20250730_011100_444101.jpg
Image saved to static/images/20250730_011220_211467.jpg
Image saved to static/images/20250730_032742_666809.jpg
Image saved to static/images/20250730_043503_304420.jpg
Image saved to static/images/20250730_043952_227577.jpg
Image saved to static/images/20250730_064600_332625.jpg
Image saved to static/images/20250730_065130_654217.jpg
Image saved to static/images/20250730_082444_501254.jpg
Image saved to static/images/20250730_082504_753436.jpg
Image saved to static/images/20250730_162731_389162.jpg
Image saved to static/images/20250730_162800_800268.jpg
Image saved to static/images/20250730_163806_450660.jpg
Image saved to static/images/20250730_201413_010786.jpg
Image saved to static/images/20250730_201851_253436.jpg
Image saved to static/images/20250730_230215_635213.jpg
Image saved to static/images/20250731_164006_744026.jpg
Image saved to static/images/20250731_165346_068748.jpg
Image saved to static/images/20250731_192510_211631.jpg
Image saved to static/images/20250731_192842_461876.jpg
Image saved to static/images/20250731_193745_360569.jpg
Image saved to static/images/20250731_194643_569682.jpg
Image saved to static/images/20250731_205614_932094.jpg
Image saved to static/images/20250731_213934_081141.jpg
Image saved to static/images/20250731_222521_656235.jpg
Image saved to static/images/20250801_075056_284443.jpg
Image saved to static/images/20250801_160530_743112.jpg
Image saved to static/images/20250801_160542_976698.jpg
Image saved to static/images/20250801_160945_363986.jpg
Image saved to static/images/20250801_163547_270530.jpg
Image saved to static/images/20250801_164338_809129.jpg
Image saved to static/images/20250801_170209_632338.jpg
Image saved to static/images/20250801_170735_673116.jpg
Image saved to static/images/20250801_175814_499711.jpg
Image saved to static/images/20250801_211331_877143.jpg
Image saved to static/images/20250801_221444_046833.jpg
Image saved to static/images/20250801_222201_766680.jpg
Image saved to static/images/20250801_235618_720233.jpg
Image saved to static/images/20250802_031806_352124.jpg
Image saved to static/images/20250802_041306_996600.jpg
Image saved to static/images/20250802_041929_631198.jpg
Image saved to static/images/20250802_073949_953205.jpg
Image saved to static/images/20250802_074541_407949.jpg
Image saved to static/images/20250802_190845_263560.jpg
Image saved to static/images/20250802_191047_137985.jpg
Image saved to static/images/20250802_193412_615658.jpg
Image saved to static/images/20250802_204855_491455.jpg
Image saved to static/images/20250802_222317_776048.jpg
Image saved to static/images/20250802_222755_802483.jpg
Image saved to static/images/20250803_042317_242877.jpg
Image saved to static/images/20250803_042339_953097.jpg
Image saved to static/images/20250803_042450_805469.jpg
Image saved to static/images/20250803_042749_454723.jpg
Image saved to static/images/20250803_064217_227276.jpg
Image saved to static/images/20250803_064225_212587.jpg
Image saved to static/images/20250803_135952_010515.jpg
Image saved to static/images/20250803_142853_664453.jpg
Image saved to static/images/20250803_143944_678309.jpg
Image saved to static/images/20250803_213130_805425.jpg
Image saved to static/images/20250803_214838_224660.jpg
Image saved to static/images/20250803_220924_712980.jpg
Image saved to static/images/20250803_223458_898734.jpg
Image saved to static/images/20250804_000700_953290.jpg
Image saved to static/images/20250804_005326_732014.jpg
Image saved to static/images/20250804_005346_282013.jpg
Image saved to static/images/20250804_031308_459138.jpg
Image saved to static/images/20250804_045914_902785.jpg
Image saved to static/images/20250804_050223_660519.jpg
Image saved to static/images/20250804_060329_189315.jpg
Image saved to static/images/20250804_060345_774151.jpg
Image saved to static/images/20250804_061006_292587.jpg
Image saved to static/images/20250804_063613_432293.jpg
Image saved to static/images/20250804_064157_795628.jpg
Image saved to static/images/20250804_071423_409040.jpg
Image saved to static/images/20250804_071549_463505.jpg
Image saved to static/images/20250804_072505_322312.jpg
Image saved to static/images/20250804_072725_984169.jpg
Image saved to static/images/20250804_082320_392791.jpg
Image saved to static/images/20250804_084805_067883.jpg
Image saved to static/images/20250804_100943_634294.jpg
Image saved to static/images/20250804_153112_648041.jpg
Image saved to static/images/20250804_163903_483730.jpg
Image saved to static/images/20250804_164154_370621.jpg
Image saved to static/images/20250804_202419_428767.jpg
Image saved to static/images/20250804_205807_533704.jpg
Image saved to static/images/20250804_210220_676485.jpg
Image saved to static/images/20250804_211339_313417.jpg
Image saved to static/images/20250804_211358_397287.jpg
Image saved to static/images/20250804_212302_492154.jpg
Image saved to static/images/20250804_212509_660159.jpg
Image saved to static/images/20250804_212527_071525.jpg
Image saved to static/images/20250804_214942_989148.jpg
Image saved to static/images/20250804_214954_583599.jpg
Image saved to static/images/20250805_011035_621980.jpg
Image saved to static/images/20250805_013539_525188.jpg
Image saved to static/images/20250805_030815_844802.jpg
Image saved to static/images/20250805_032634_059515.jpg
Image saved to static/images/20250805_040554_307178.jpg
Image saved to static/images/20250805_040801_501244.jpg
Image saved to static/images/20250805_041451_580423.jpg
Image saved to static/images/20250805_041624_295426.jpg
Image saved to static/images/20250805_043320_667489.jpg
Image saved to static/images/20250805_043515_656152.jpg
Image saved to static/images/20250805_050524_966153.jpg
Image saved to static/images/20250805_100326_869931.jpg
Image saved to static/images/20250805_111859_005085.jpg
Image saved to static/images/20250805_115159_327868.jpg
Image saved to static/images/20250805_120715_595178.jpg
Image saved to static/images/20250805_122512_770355.jpg
Image saved to static/images/20250805_123211_734360.jpg
Image saved to static/images/20250805_125521_368017.jpg
Image saved to static/images/20250805_163439_487304.jpg
Image saved to static/images/20250805_164614_898439.jpg
Image saved to static/images/20250805_170214_626269.jpg
Image saved to static/images/20250805_172849_954013.jpg
Image saved to static/images/20250805_173222_928683.jpg
Image saved to static/images/20250805_194731_410079.jpg
Image saved to static/images/20250805_201651_930554.jpg
Image saved to static/images/20250805_210022_118047.jpg
Image saved to static/images/20250805_211844_390603.jpg
Image saved to static/images/20250805_224043_862596.jpg
Image saved to static/images/20250805_224052_888584.jpg
Image saved to static/images/20250805_231324_043183.jpg
Image saved to static/images/20250805_235530_156225.jpg
Image saved to static/images/20250806_034734_003854.jpg
Image saved to static/images/20250806_042947_296708.jpg
Image saved to static/images/20250806_043352_472543.jpg
Image saved to static/images/20250806_045856_232603.jpg
Image saved to static/images/20250806_050930_483305.jpg
Image saved to static/images/20250806_053301_000300.jpg
Image saved to static/images/20250806_060909_042647.jpg
Image saved to static/images/20250806_080136_621659.jpg
Image saved to static/images/20250806_080427_934084.jpg
Image saved to static/images/20250806_093103_010163.jpg
Image saved to static/images/20250806_100606_269455.jpg
Image saved to static/images/20250806_104550_115598.jpg
Connected to MQTT Broker!
Ignored retained message on initial connection.
Connected to MQTT Broker!
Ignored retained message on initial connection.
Image saved to static/images/20250806_181407_785878.jpg
Image saved to static/images/20250806_184254_484423.jpg
Image saved to static/images/20250806_205921_545379.jpg
Image saved to static/images/20250806_222724_007679.jpg
Image saved to static/images/20250806_230101_963546.jpg
Image saved to static/images/20250807_014752_660599.jpg
Image saved to static/images/20250807_014802_972939.jpg
Image saved to static/images/20250807_014812_453213.jpg
Image saved to static/images/20250807_020218_594151.jpg
Image saved to static/images/20250807_031549_026090.jpg
Image saved to static/images/20250807_031810_112718.jpg
Image saved to static/images/20250807_050843_424578.jpg
Image saved to static/images/20250807_051829_724860.jpg
Image saved to static/images/20250807_053631_005490.jpg
Image saved to static/images/20250807_054231_525381.jpg
Image saved to static/images/20250807_054929_965092.jpg
Image saved to static/images/20250807_055024_032132.jpg
Image saved to static/images/20250807_092517_652121.jpg
Image saved to static/images/20250807_114945_789093.jpg
Image saved to static/images/20250807_115403_808770.jpg
Image saved to static/images/20250807_133713_059234.jpg
Image saved to static/images/20250807_134714_491464.jpg
Image saved to static/images/20250807_235953_038941.jpg
Image saved to static/images/20250808_040856_223090.jpg
Image saved to static/images/20250808_051713_594547.jpg
Image saved to static/images/20250808_113338_842151.jpg
Image saved to static/images/20250808_153631_635673.jpg
Image saved to static/images/20250808_155942_525005.jpg
Image saved to static/images/20250808_181234_010393.jpg
Image saved to static/images/20250808_205449_411155.jpg
Image saved to static/images/20250808_222720_303470.jpg
Image saved to static/images/20250808_222756_431451.jpg
Image saved to static/images/20250808_232249_291220.jpg
Image saved to static/images/20250809_014834_277581.jpg
Image saved to static/images/20250809_022556_191720.jpg
Image saved to static/images/20250809_083313_246108.jpg
Image saved to static/images/20250809_142042_685835.jpg
Image saved to static/images/20250809_152617_173797.jpg
Image saved to static/images/20250809_170341_962874.jpg
Image saved to static/images/20250809_171208_065647.jpg
Image saved to static/images/20250809_194943_222090.jpg
Image saved to static/images/20250809_195527_281582.jpg
Image saved to static/images/20250809_195538_969121.jpg
Image saved to static/images/20250809_195549_095433.jpg
Image saved to static/images/20250809_215044_064229.jpg
Image saved to static/images/20250809_232724_819814.jpg
Image saved to static/images/20250809_232737_444335.jpg
Image saved to static/images/20250809_233603_772612.jpg
Image saved to static/images/20250810_005310_661778.jpg
Image saved to static/images/20250810_005325_500430.jpg
Image saved to static/images/20250810_043234_036015.jpg
Image saved to static/images/20250810_083228_512144.jpg
Image saved to static/images/20250810_131934_366595.jpg
Image saved to static/images/20250810_140723_185710.jpg
Image saved to static/images/20250810_160823_523573.jpg
Image saved to static/images/20250810_164635_034681.jpg
Image saved to static/images/20250810_164658_558987.jpg
Image saved to static/images/20250810_164726_316589.jpg
Image saved to static/images/20250810_164730_709993.jpg
Image saved to static/images/20250810_165657_841554.jpg
Image saved to static/images/20250810_173226_770881.jpg
Image saved to static/images/20250810_182507_167471.jpg
Image saved to static/images/20250810_185600_437788.jpg
Image saved to static/images/20250810_204949_220284.jpg
Image saved to static/images/20250810_210155_561720.jpg
Image saved to static/images/20250810_215555_089898.jpg
Image saved to static/images/20250810_221308_300839.jpg
Image saved to static/images/20250810_233705_411018.jpg
Image saved to static/images/20250810_233725_271211.jpg
Image saved to static/images/20250810_235432_081323.jpg
Image saved to static/images/20250810_235448_467541.jpg
Image saved to static/images/20250811_011409_574354.jpg
Image saved to static/images/20250811_052914_769712.jpg
Image saved to static/images/20250811_053344_431106.jpg
Image saved to static/images/20250811_053545_645636.jpg
Image saved to static/images/20250811_053906_760565.jpg
Image saved to static/images/20250811_070948_640844.jpg
Image saved to static/images/20250811_072802_142363.jpg
Image saved to static/images/20250811_080000_930072.jpg
Image saved to static/images/20250811_145155_938689.jpg
Image saved to static/images/20250811_145204_913800.jpg
Image saved to static/images/20250811_155331_211503.jpg
Image saved to static/images/20250811_155708_638773.jpg
Image saved to static/images/20250811_182958_964653.jpg
Image saved to static/images/20250811_184632_940405.jpg
Image saved to static/images/20250811_194340_986789.jpg
Image saved to static/images/20250811_211742_676633.jpg
Image saved to static/images/20250812_032832_624337.jpg
Image saved to static/images/20250812_051318_556741.jpg
Image saved to static/images/20250812_051710_618245.jpg
Image saved to static/images/20250812_062227_670513.jpg
Image saved to static/images/20250812_085827_361218.jpg
Image saved to static/images/20250812_150030_476458.jpg
Image saved to static/images/20250812_201148_509365.jpg
Image saved to static/images/20250812_214540_509559.jpg
Image saved to static/images/20250812_214549_344318.jpg
Image saved to static/images/20250812_214622_238076.jpg
Image saved to static/images/20250812_220900_541598.jpg
Image saved to static/images/20250813_000127_903055.jpg
Image saved to static/images/20250813_020844_866450.jpg
Image saved to static/images/20250813_030129_189748.jpg
Image saved to static/images/20250813_035201_723313.jpg
Image saved to static/images/20250813_072214_368242.jpg
Image saved to static/images/20250813_082209_363832.jpg
Image saved to static/images/20250813_082800_736624.jpg
Image saved to static/images/20250813_170503_491046.jpg
Image saved to static/images/20250813_210630_325843.jpg
Image saved to static/images/20250814_012811_735482.jpg
Image saved to static/images/20250814_165520_648828.jpg
Image saved to static/images/20250815_001356_591207.jpg
Image saved to static/images/20250815_012315_462593.jpg
Image saved to static/images/20250815_141058_888763.jpg
Image saved to static/images/20250815_143330_191111.jpg
Image saved to static/images/20250815_164110_927234.jpg
Image saved to static/images/20250815_165411_810519.jpg
Image saved to static/images/20250815_180817_519752.jpg
Image saved to static/images/20250815_204924_560076.jpg
Image saved to static/images/20250815_221850_539601.jpg
Image saved to static/images/20250815_222623_590811.jpg
Image saved to static/images/20250815_235113_364326.jpg
Image saved to static/images/20250816_014207_454928.jpg
Image saved to static/images/20250816_093024_188561.jpg
Image saved to static/images/20250816_101706_638147.jpg
Image saved to static/images/20250816_101740_001328.jpg
Image saved to static/images/20250816_144534_106726.jpg
Image saved to static/images/20250816_144545_864594.jpg
Image saved to static/images/20250816_144656_023415.jpg
Image saved to static/images/20250816_153042_863505.jpg
Image saved to static/images/20250816_154129_444533.jpg
Image saved to static/images/20250816_194901_640606.jpg
Image saved to static/images/20250816_195518_332804.jpg
Image saved to static/images/20250817_013649_799460.jpg
Image saved to static/images/20250817_014339_785079.jpg
Image saved to static/images/20250817_063052_950875.jpg
Image saved to static/images/20250817_063753_530186.jpg
Image saved to static/images/20250817_203603_573828.jpg
Image saved to static/images/20250817_204710_593817.jpg
Image saved to static/images/20250817_231002_030059.jpg
Image saved to static/images/20250817_232543_995301.jpg
Image saved to static/images/20250818_021156_258026.jpg
Image saved to static/images/20250818_021642_435485.jpg
Image saved to static/images/20250818_032048_717001.jpg
Image saved to static/images/20250818_044003_082625.jpg
Image saved to static/images/20250818_065735_503236.jpg
Image saved to static/images/20250818_070122_808841.jpg
Image saved to static/images/20250818_162521_289836.jpg
Image saved to static/images/20250818_165106_217797.jpg
Image saved to static/images/20250818_170001_765060.jpg
Image saved to static/images/20250818_180347_358057.jpg
Image saved to static/images/20250818_191722_028316.jpg
Image saved to static/images/20250818_193137_926497.jpg
Image saved to static/images/20250818_204757_367112.jpg
Image saved to static/images/20250818_211120_651929.jpg
Image saved to static/images/20250818_215636_979780.jpg
Image saved to static/images/20250818_221322_103106.jpg
Image saved to static/images/20250818_230607_490464.jpg
Image saved to static/images/20250819_003504_929794.jpg
Image saved to static/images/20250819_015528_889082.jpg
Image saved to static/images/20250819_015640_234540.jpg
Image saved to static/images/20250819_023208_280037.jpg
Image saved to static/images/20250819_023739_970672.jpg
Image saved to static/images/20250819_044721_043716.jpg
Image saved to static/images/20250819_045337_846382.jpg
Image saved to static/images/20250819_104623_306097.jpg
Image saved to static/images/20250819_105816_660751.jpg
Image saved to static/images/20250819_122615_744586.jpg
Image saved to static/images/20250819_123200_884975.jpg
Image saved to static/images/20250819_140343_849074.jpg
Image saved to static/images/20250819_140541_675075.jpg
Image saved to static/images/20250819_143803_811557.jpg
Image saved to static/images/20250819_205310_890096.jpg
Image saved to static/images/20250819_215217_452249.jpg
Image saved to static/images/20250820_095433_466300.jpg
Image saved to static/images/20250820_115215_020058.jpg
Image saved to static/images/20250820_115806_497359.jpg
Image saved to static/images/20250820_153240_839326.jpg
Image saved to static/images/20250820_154036_284483.jpg
Image saved to static/images/20250820_155819_647872.jpg
Image saved to static/images/20250820_161650_619736.jpg
Image saved to static/images/20250820_164943_645691.jpg
Image saved to static/images/20250820_193836_578753.jpg
Image saved to static/images/20250820_194013_882253.jpg
Image saved to static/images/20250820_202007_137063.jpg
Image saved to static/images/20250820_203828_396864.jpg
Image saved to static/images/20250820_205147_457195.jpg
Image saved to static/images/20250820_232832_657400.jpg
Image saved to static/images/20250821_010508_746203.jpg
Image saved to static/images/20250821_110652_290797.jpg
Image saved to static/images/20250821_170046_418138.jpg
Image saved to static/images/20250821_170128_693556.jpg
Image saved to static/images/20250821_170453_828554.jpg
Image saved to static/images/20250821_181036_034413.jpg
Image saved to static/images/20250821_201855_054772.jpg
Image saved to static/images/20250822_103452_208195.jpg
Image saved to static/images/20250822_104001_449717.jpg
Image saved to static/images/20250822_112653_963616.jpg
Image saved to static/images/20250822_121422_904574.jpg
Image saved to static/images/20250822_122534_124510.jpg
Image saved to static/images/20250822_202057_116717.jpg
Image saved to static/images/20250823_114823_050621.jpg
Image saved to static/images/20250823_164347_484393.jpg
Image saved to static/images/20250823_165605_710415.jpg
Image saved to static/images/20250823_204934_982658.jpg
Image saved to static/images/20250824_093016_351087.jpg
Image saved to static/images/20250824_170143_415875.jpg
Image saved to static/images/20250824_171309_888983.jpg
Image saved to static/images/20250824_180931_275340.jpg
Image saved to static/images/20250824_182302_154395.jpg
Image saved to static/images/20250824_194546_944850.jpg
Image saved to static/images/20250824_205007_211980.jpg
Image saved to static/images/20250824_221746_022479.jpg
Image saved to static/images/20250825_183935_201818.jpg
Image saved to static/images/20250825_203245_251098.jpg
Image saved to static/images/20250826_165559_959319.jpg
Image saved to static/images/20250827_130613_216341.jpg
Image saved to static/images/20250827_174203_453874.jpg
Image saved to static/images/20250828_125100_623918.jpg
Image saved to static/images/20250828_130932_292764.jpg
Image saved to static/images/20250828_175930_080354.jpg
Image saved to static/images/20250828_215334_596466.jpg
Image saved to static/images/20250829_145125_189847.jpg
Image saved to static/images/20250829_170316_876703.jpg
Image saved to static/images/20250829_184035_180160.jpg
Image saved to static/images/20250830_160335_647075.jpg
Image saved to static/images/20250830_172840_307763.jpg
Image saved to static/images/20250830_173317_991310.jpg
Image saved to static/images/20250830_180309_220677.jpg
Image saved to static/images/20250831_112514_301016.jpg
Image saved to static/images/20250831_113114_697776.jpg
Image saved to static/images/20250831_152251_646511.jpg
Image saved to static/images/20250831_153141_998067.jpg
Image saved to static/images/20250831_171132_960842.jpg
Image saved to static/images/20250831_190440_383057.jpg
Image saved to static/images/20250901_160239_602040.jpg
Image saved to static/images/20250901_213829_911778.jpg
Image saved to static/images/20250901_232136_343840.jpg
Image saved to static/images/20250903_144015_001246.jpg
Image saved to static/images/20250903_170734_232430.jpg
Image saved to static/images/20250903_170758_278247.jpg
Image saved to static/images/20250903_170824_103043.jpg
Image saved to static/images/20250903_201444_380207.jpg
Image saved to static/images/20250903_210839_986039.jpg
Image saved to static/images/20250903_212856_753253.jpg
Image saved to static/images/20250903_225456_045376.jpg
Image saved to static/images/20250903_234706_713470.jpg
Image saved to static/images/20250904_015417_955243.jpg
Image saved to static/images/20250904_015501_597722.jpg
Image saved to static/images/20250904_020105_654404.jpg
Image saved to static/images/20250904_023738_463350.jpg
Image saved to static/images/20250904_023743_255251.jpg
Image saved to static/images/20250904_023936_806624.jpg
Image saved to static/images/20250904_030704_050621.jpg
Image saved to static/images/20250904_040354_270502.jpg
Image saved to static/images/20250904_052357_121829.jpg
Image saved to static/images/20250904_055504_009811.jpg
Image saved to static/images/20250904_063926_375473.jpg
Image saved to static/images/20250904_151144_428884.jpg
Image saved to static/images/20250904_151205_406320.jpg
Image saved to static/images/20250904_152748_847443.jpg
Image saved to static/images/20250904_172108_067898.jpg
Image saved to static/images/20250904_200433_736483.jpg
Image saved to static/images/20250904_202817_144926.jpg
Image saved to static/images/20250904_211124_512249.jpg
Image saved to static/images/20250904_212438_233546.jpg
Image saved to static/images/20250904_232108_273140.jpg
Image saved to static/images/20250904_232115_119769.jpg
Image saved to static/images/20250904_232134_617876.jpg
Image saved to static/images/20250905_005028_370754.jpg
Image saved to static/images/20250905_030339_203020.jpg
Image saved to static/images/20250905_030409_037934.jpg
Image saved to static/images/20250905_051714_176339.jpg
Image saved to static/images/20250905_061221_290816.jpg
Image saved to static/images/20250905_091622_518224.jpg
Image saved to static/images/20250905_092123_114724.jpg
Image saved to static/images/20250905_093452_415666.jpg
Image saved to static/images/20250905_093653_576569.jpg
Image saved to static/images/20250905_093701_453663.jpg
Image saved to static/images/20250905_093949_724293.jpg
Image saved to static/images/20250905_130311_255639.jpg
Image saved to static/images/20250905_175141_357744.jpg
Image saved to static/images/20250905_181023_406997.jpg
Image saved to static/images/20250905_202542_476616.jpg
Image saved to static/images/20250905_211433_873510.jpg
Image saved to static/images/20250905_212500_816972.jpg
Image saved to static/images/20250905_220844_797854.jpg
Image saved to static/images/20250905_233842_716776.jpg
Image saved to static/images/20250905_235836_631316.jpg
Image saved to static/images/20250906_002907_163654.jpg
Image saved to static/images/20250906_002946_910747.jpg
Image saved to static/images/20250906_002956_779202.jpg
Image saved to static/images/20250906_003047_990635.jpg
Image saved to static/images/20250906_023835_837066.jpg
Image saved to static/images/20250906_024243_649670.jpg
Image saved to static/images/20250906_062131_990601.jpg
Image saved to static/images/20250906_063140_419420.jpg
Image saved to static/images/20250906_075840_899424.jpg
Image saved to static/images/20250906_080111_144815.jpg
Image saved to static/images/20250906_082726_358983.jpg
Image saved to static/images/20250906_084427_020635.jpg
Image saved to static/images/20250906_124858_131718.jpg
Image saved to static/images/20250906_184004_331149.jpg
Image saved to static/images/20250906_191552_887393.jpg
Image saved to static/images/20250906_205830_009988.jpg
Image saved to static/images/20250906_210059_980142.jpg
Image saved to static/images/20250907_005353_912191.jpg
Image saved to static/images/20250907_010501_952220.jpg
Image saved to static/images/20250907_044259_660708.jpg
Image saved to static/images/20250907_044839_137472.jpg
Image saved to static/images/20250907_074042_699271.jpg
Image saved to static/images/20250907_083235_475778.jpg
Image saved to static/images/20250907_142021_849438.jpg
Image saved to static/images/20250907_175622_264015.jpg
Image saved to static/images/20250907_222030_305524.jpg
Image saved to static/images/20250907_223854_511338.jpg
Image saved to static/images/20250908_010222_063861.jpg
Image saved to static/images/20250908_010701_552853.jpg
Image saved to static/images/20250908_015225_699987.jpg
Image saved to static/images/20250908_044407_831673.jpg
Image saved to static/images/20250908_063531_397322.jpg
Image saved to static/images/20250908_181938_946058.jpg
Image saved to static/images/20250908_193735_771106.jpg
Image saved to static/images/20250908_194754_194371.jpg
Image saved to static/images/20250908_212909_097571.jpg
Image saved to static/images/20250908_213657_235098.jpg
Image saved to static/images/20250908_225704_396869.jpg
Image saved to static/images/20250908_230552_061078.jpg
Image saved to static/images/20250909_002223_000264.jpg
Image saved to static/images/20250909_002438_375677.jpg
Image saved to static/images/20250909_004529_637139.jpg
Image saved to static/images/20250909_042816_247861.jpg
Image saved to static/images/20250909_072429_405055.jpg
Image saved to static/images/20250909_093037_845126.jpg
Image saved to static/images/20250909_162352_175391.jpg
Image saved to static/images/20250909_175027_525956.jpg
Image saved to static/images/20250909_195958_043402.jpg
Image saved to static/images/20250909_232755_682329.jpg
Image saved to static/images/20250910_014535_408324.jpg
Image saved to static/images/20250910_014543_971571.jpg
Image saved to static/images/20250910_014552_367844.jpg
Image saved to static/images/20250910_014604_060200.jpg
Image saved to static/images/20250910_014620_354105.jpg
Image saved to static/images/20250910_014649_580083.jpg
Image saved to static/images/20250910_015010_974248.jpg
Image saved to static/images/20250910_033720_455197.jpg
Image saved to static/images/20250910_033911_734006.jpg
Image saved to static/images/20250910_040823_057120.jpg
Image saved to static/images/20250910_050435_349087.jpg
Image saved to static/images/20250910_061124_608512.jpg
Image saved to static/images/20250910_065241_797467.jpg
Image saved to static/images/20250910_082656_782191.jpg
Image saved to static/images/20250910_084240_133610.jpg
Image saved to static/images/20250911_003525_063261.jpg
Image saved to static/images/20250911_044414_858375.jpg
Image saved to static/images/20250911_153138_658620.jpg
Image saved to static/images/20250911_192040_974316.jpg
Image saved to static/images/20250911_202149_029322.jpg
Image saved to static/images/20250912_002002_336934.jpg
Image saved to static/images/20250912_120350_078065.jpg
Image saved to static/images/20250912_124312_731628.jpg
Image saved to static/images/20250912_195643_036113.jpg
Image saved to static/images/20250912_220650_220930.jpg
Image saved to static/images/20250913_115325_416573.jpg
Image saved to static/images/20250913_115801_426871.jpg
Image saved to static/images/20250913_130236_400743.jpg
Image saved to static/images/20250913_143629_572036.jpg
Image saved to static/images/20250913_143641_999016.jpg
Image saved to static/images/20250913_183317_045809.jpg
Image saved to static/images/20250914_203229_830822.jpg
Image saved to static/images/20250915_192213_262169.jpg
Image saved to static/images/20250916_071211_833191.jpg
Image saved to static/images/20250916_073441_923163.jpg
Image saved to static/images/20250916_081229_794639.jpg
Image saved to static/images/20250916_084400_034297.jpg
Image saved to static/images/20250916_194357_146048.jpg
Image saved to static/images/20250916_204544_928027.jpg
Image saved to static/images/20250916_214052_766468.jpg
Image saved to static/images/20250916_222914_651220.jpg
Image saved to static/images/20250916_230849_917021.jpg
Image saved to static/images/20250916_233630_923672.jpg
Image saved to static/images/20250917_004633_470643.jpg
Image saved to static/images/20250917_014400_544397.jpg
Image saved to static/images/20250917_014721_127877.jpg
Image saved to static/images/20250917_033352_509249.jpg
Image saved to static/images/20250917_033400_542559.jpg
Image saved to static/images/20250917_033417_815403.jpg
Image saved to static/images/20250917_033437_768449.jpg
Image saved to static/images/20250917_033448_091850.jpg
Image saved to static/images/20250917_033519_793489.jpg
Image saved to static/images/20250917_033542_304453.jpg
Image saved to static/images/20250917_063615_879104.jpg
Image saved to static/images/20250917_071150_822326.jpg
Image saved to static/images/20250917_072430_197094.jpg
Image saved to static/images/20250917_073258_454511.jpg
Image saved to static/images/20250917_082708_946284.jpg
Image saved to static/images/20250917_135857_342963.jpg
Image saved to static/images/20250917_194503_538890.jpg
Image saved to static/images/20250917_231853_880683.jpg
Image saved to static/images/20250917_233427_988018.jpg
Image saved to static/images/20250918_024921_011431.jpg
Image saved to static/images/20250918_025226_204258.jpg
Image saved to static/images/20250918_061448_129655.jpg
Image saved to static/images/20250918_062838_491842.jpg
Image saved to static/images/20250918_074848_703424.jpg
Image saved to static/images/20250918_082149_265795.jpg
Image saved to static/images/20250918_084903_545119.jpg
Image saved to static/images/20250918_093401_448580.jpg
Image saved to static/images/20250918_143007_177937.jpg
Image saved to static/images/20250918_144329_027200.jpg
Image saved to static/images/20250918_144700_861196.jpg
Image saved to static/images/20250918_145153_382565.jpg
Image saved to static/images/20250918_181234_540078.jpg
Image saved to static/images/20250918_185833_531688.jpg
Image saved to static/images/20250918_190821_771447.jpg
Image saved to static/images/20250918_202527_124525.jpg
Image saved to static/images/20250918_202541_934258.jpg
Image saved to static/images/20250918_202605_946268.jpg
Image saved to static/images/20250918_225216_878164.jpg
Image saved to static/images/20250919_002941_974313.jpg
Image saved to static/images/20250919_014638_601054.jpg
Image saved to static/images/20250919_014901_535097.jpg
Image saved to static/images/20250919_045654_127894.jpg
Image saved to static/images/20250919_052729_851841.jpg
Image saved to static/images/20250919_060556_994802.jpg
Image saved to static/images/20250919_061229_286525.jpg
Image saved to static/images/20250919_091610_823434.jpg
Image saved to static/images/20250919_141736_513038.jpg
Image saved to static/images/20250919_154033_771792.jpg
Image saved to static/images/20250919_164043_792773.jpg
Image saved to static/images/20250919_200006_784021.jpg
Image saved to static/images/20250919_200601_092480.jpg
Image saved to static/images/20250919_201516_698200.jpg
Image saved to static/images/20250919_210812_362791.jpg
Image saved to static/images/20250919_210957_561605.jpg
Image saved to static/images/20250919_213249_481509.jpg
Image saved to static/images/20250920_000035_251941.jpg
Image saved to static/images/20250920_013613_985388.jpg
Image saved to static/images/20250920_014023_043400.jpg
Image saved to static/images/20250920_020640_984000.jpg
Image saved to static/images/20250920_040448_042737.jpg
Image saved to static/images/20250920_055739_334092.jpg
Image saved to static/images/20250920_060256_349868.jpg
Image saved to static/images/20250920_071050_481441.jpg
Image saved to static/images/20250920_071828_484414.jpg
Image saved to static/images/20250920_084252_303216.jpg
Image saved to static/images/20250920_084716_515486.jpg
Image saved to static/images/20250920_205544_219949.jpg
Image saved to static/images/20250920_233916_914753.jpg
Image saved to static/images/20250921_002751_797948.jpg
Image saved to static/images/20250921_032242_347447.jpg
Image saved to static/images/20250921_063721_346051.jpg
Image saved to static/images/20250921_064349_820810.jpg
Image saved to static/images/20250921_083437_864529.jpg
Image saved to static/images/20250921_090607_033957.jpg
Image saved to static/images/20250921_165927_342321.jpg
Image saved to static/images/20250921_171226_655189.jpg
Image saved to static/images/20250921_171858_730207.jpg
Image saved to static/images/20250921_183936_793225.jpg
Image saved to static/images/20250921_200933_428878.jpg
Image saved to static/images/20250921_212827_736683.jpg
Image saved to static/images/20250921_222749_343233.jpg
Image saved to static/images/20250921_225123_884010.jpg
Image saved to static/images/20250922_000736_112650.jpg
Image saved to static/images/20250922_004642_522711.jpg
Image saved to static/images/20250922_024343_919401.jpg
Image saved to static/images/20250922_050828_286633.jpg
Image saved to static/images/20250922_053435_369611.jpg
Image saved to static/images/20250922_061224_704874.jpg
Image saved to static/images/20250922_062225_403971.jpg
Image saved to static/images/20250922_080821_791362.jpg
Image saved to static/images/20250922_081602_046109.jpg
Image saved to static/images/20250922_094329_195326.jpg
Image saved to static/images/20250922_094635_839122.jpg
Image saved to static/images/20250922_095905_321336.jpg
Image saved to static/images/20250922_124304_022881.jpg
Image saved to static/images/20250922_141903_768475.jpg
Image saved to static/images/20250922_185655_869993.jpg
Image saved to static/images/20250922_202728_685510.jpg
Image saved to static/images/20250922_212451_805673.jpg
Image saved to static/images/20250922_212459_077871.jpg
Image saved to static/images/20250922_223608_571482.jpg
Image saved to static/images/20250923_000915_932637.jpg
Image saved to static/images/20250923_001523_026058.jpg
Image saved to static/images/20250923_020825_396667.jpg
Image saved to static/images/20250923_053531_722095.jpg
Image saved to static/images/20250923_061316_947842.jpg
Image saved to static/images/20250923_090917_746710.jpg
Image saved to static/images/20250923_142752_988377.jpg
Image saved to static/images/20250923_182451_987341.jpg
Image saved to static/images/20250923_190609_588118.jpg
Image saved to static/images/20250923_200917_490291.jpg
Image saved to static/images/20250923_204536_190031.jpg
Image saved to static/images/20250923_220147_793321.jpg
Image saved to static/images/20250924_105328_659281.jpg
Image saved to static/images/20250924_111442_739014.jpg
Image saved to static/images/20250924_165918_563093.jpg
Image saved to static/images/20250924_170551_409613.jpg
Image saved to static/images/20250924_211151_895501.jpg
Image saved to static/images/20250925_131817_989139.jpg
Image saved to static/images/20250925_175136_777491.jpg
Image saved to static/images/20250925_195719_700716.jpg
Image saved to static/images/20250926_104843_858376.jpg
Image saved to static/images/20250926_105448_355667.jpg
Image saved to static/images/20250926_140415_249554.jpg
Image saved to static/images/20250926_174637_153851.jpg
Image saved to static/images/20250926_180625_854713.jpg
Image saved to static/images/20250926_195905_883565.jpg
Image saved to static/images/20250927_124626_119611.jpg
Image saved to static/images/20250927_124859_390477.jpg
Image saved to static/images/20250927_152002_371849.jpg
Image saved to static/images/20250927_160437_973998.jpg
Image saved to static/images/20250927_180806_649016.jpg
Image saved to static/images/20250928_140757_640170.jpg
Image saved to static/images/20250928_180351_406623.jpg
Image saved to static/images/20250929_173016_846775.jpg
Image saved to static/images/20250929_185028_467251.jpg
Image saved to static/images/20250929_185703_258312.jpg
Image saved to static/images/20250930_102951_872510.jpg
Image saved to static/images/20250930_113442_006731.jpg
Image saved to static/images/20250930_135757_666071.jpg
Image saved to static/images/20250930_140544_754611.jpg
Image saved to static/images/20250930_154859_245248.jpg
Image saved to static/images/20250930_182538_270982.jpg
Image saved to static/images/20251001_111448_761472.jpg
Image saved to static/images/20251001_155804_975074.jpg
Image saved to static/images/20251001_173619_981910.jpg
Image saved to static/images/20251001_195510_109743.jpg
Image saved to static/images/20251002_135312_352388.jpg
Image saved to static/images/20251002_135937_329144.jpg
Image saved to static/images/20251002_144750_454498.jpg
Image saved to static/images/20251002_150312_166645.jpg
Image saved to static/images/20251002_182640_663642.jpg
Image saved to static/images/20251003_141421_029402.jpg
Image saved to static/images/20251003_143228_381202.jpg
Image saved to static/images/20251003_143728_690756.jpg
Image saved to static/images/20251003_172532_433765.jpg
Image saved to static/images/20251005_162405_480228.jpg
Image saved to static/images/20251007_030526_470351.jpg
Image saved to static/images/20251008_153328_305792.jpg
Image saved to static/images/20251008_160048_370451.jpg
Image saved to static/images/20251010_151731_137369.jpg
Image saved to static/images/20251010_160659_630176.jpg
Image saved to static/images/20251011_120543_508401.jpg
Image saved to static/images/20251011_143627_888960.jpg
Image saved to static/images/20251011_163945_954199.jpg
Image saved to static/images/20251012_120450_826910.jpg
Image saved to static/images/20251012_135221_131537.jpg
Image saved to static/images/20251012_155132_596060.jpg
Image saved to static/images/20251012_164320_546350.jpg
Image saved to static/images/20251012_184132_661491.jpg
Image saved to static/images/20251013_140549_781506.jpg
Image saved to static/images/20251013_141011_056760.jpg
Image saved to static/images/20251013_170626_864596.jpg
Image saved to static/images/20251013_170808_666486.jpg
Image saved to static/images/20251014_164604_816171.jpg
Image saved to static/images/20251018_205519_023033.jpg
Image saved to static/images/20251019_113202_216511.jpg
Image saved to static/images/20251019_121941_207937.jpg
Image saved to static/images/20251019_123617_816587.jpg
Image saved to static/images/20251019_124201_404974.jpg
Image saved to static/images/20251019_125002_938189.jpg
Image saved to static/images/20251019_132142_451702.jpg
Image saved to static/images/20251019_133523_410602.jpg
Image saved to static/images/20251019_140420_000512.jpg
Image saved to static/images/20251019_142338_647755.jpg
Image saved to static/images/20251020_141253_071362.jpg
Image saved to static/images/20251023_124615_173499.jpg
Image saved to static/images/20251023_125913_749247.jpg
Image saved to static/images/20251023_134611_667030.jpg
Connected to MQTT Broker!
Ignored retained message on initial connection.
Image saved to static/images/20251027_133929_151261.jpg
Image saved to static/images/20251028_114208_085507.jpg
Image saved to static/images/20251028_120005_638986.jpg
Image saved to static/images/20251028_121720_032889.jpg
Image saved to static/images/20251028_134124_720821.jpg
Image saved to static/images/20251028_141751_475849.jpg
Image saved to static/images/20251029_135058_977080.jpg
Image saved to static/images/20251031_114013_479215.jpg
Image saved to static/images/20251031_121315_528102.jpg
Image saved to static/images/20251031_133705_358057.jpg
Image saved to static/images/20251031_141826_072717.jpg
Image saved to static/images/20251101_141044_395652.jpg
Image saved to static/images/20251103_140343_453150.jpg
Image saved to static/images/20251106_152004_878316.jpg
Image saved to static/images/20251107_131807_319072.jpg
Connected to MQTT Broker!
Ignored retained message on initial connection.
Image saved to static/images/20251114_121127_484595.jpg
Image saved to static/images/20251114_124454_197672.jpg
Image saved to static/images/20251114_141127_611848.jpg
Image saved to static/images/20251114_141247_837983.jpg
Image saved to static/images/20251114_141606_025757.jpg
Image saved to static/images/20251114_141654_768673.jpg
Image saved to static/images/20251114_141909_237089.jpg
Image saved to static/images/20251115_131749_588015.jpg
Image saved to static/images/20251115_134158_444190.jpg
Image saved to static/images/20251115_142825_587585.jpg
Image saved to static/images/20251116_122023_935644.jpg
Image saved to static/images/20251116_122345_781749.jpg
Image saved to static/images/20251116_122907_343541.jpg
Image saved to static/images/20251116_123637_165538.jpg
Image saved to static/images/20251116_124943_282085.jpg
Image saved to static/images/20251116_125346_002321.jpg
Image saved to static/images/20251116_125921_761834.jpg
Image saved to static/images/20251116_132440_541385.jpg
Image saved to static/images/20251116_225716_113668.jpg
Image saved to static/images/20251116_225735_363083.jpg
Image saved to static/images/20251116_232449_715776.jpg
Image saved to static/images/20251117_015543_373294.jpg
Image saved to static/images/20251117_022543_622934.jpg
Image saved to static/images/20251117_084952_511684.jpg
Image saved to static/images/20251117_090445_279003.jpg
Image saved to static/images/20251117_101407_645252.jpg
Image saved to static/images/20251117_114253_987506.jpg
Image saved to static/images/20251117_121033_199870.jpg
Image saved to static/images/20251117_121052_246519.jpg
Image saved to static/images/20251117_134727_002241.jpg
Image saved to static/images/20251117_144628_317640.jpg
Image saved to static/images/20251117_144959_857819.jpg
Image saved to static/images/20251117_145016_621788.jpg
Image saved to static/images/20251117_145022_856852.jpg
Image saved to static/images/20251117_145042_798351.jpg
Image saved to static/images/20251117_145054_655096.jpg
Image saved to static/images/20251117_145102_467410.jpg
Image saved to static/images/20251117_145122_501246.jpg
Image saved to static/images/20251117_145132_251013.jpg
Image saved to static/images/20251117_145152_575336.jpg
Image saved to static/images/20251117_145207_605547.jpg
Image saved to static/images/20251117_145434_809945.jpg
Image saved to static/images/20251117_164828_395101.jpg
Image saved to static/images/20251117_175959_823890.jpg
Image saved to static/images/20251117_181836_681699.jpg
Image saved to static/images/20251117_183026_730996.jpg
Image saved to static/images/20251117_192938_260759.jpg
Image saved to static/images/20251117_210942_065592.jpg
Image saved to static/images/20251117_214622_024069.jpg
Image saved to static/images/20251117_232305_803233.jpg
Image saved to static/images/20251117_232413_381235.jpg
Image saved to static/images/20251117_232444_437577.jpg
Image saved to static/images/20251117_232521_355329.jpg
Image saved to static/images/20251117_232532_690409.jpg
Image saved to static/images/20251117_232542_868308.jpg
Image saved to static/images/20251117_232558_929657.jpg
Image saved to static/images/20251117_232608_852791.jpg
Image saved to static/images/20251117_232632_956211.jpg
Image saved to static/images/20251117_232647_135400.jpg
Image saved to static/images/20251117_232653_573767.jpg
Image saved to static/images/20251117_233553_715874.jpg
Image saved to static/images/20251117_234004_925669.jpg
Image saved to static/images/20251117_234336_919334.jpg
Image saved to static/images/20251117_234346_830327.jpg
Image saved to static/images/20251117_234418_578985.jpg
Image saved to static/images/20251117_234429_778407.jpg
Image saved to static/images/20251117_234436_791407.jpg
Image saved to static/images/20251117_234508_907015.jpg
Image saved to static/images/20251118_005133_216652.jpg
Image saved to static/images/20251118_005712_148046.jpg
Image saved to static/images/20251118_010127_151767.jpg
Image saved to static/images/20251118_011312_462681.jpg
Image saved to static/images/20251118_012210_223570.jpg
Image saved to static/images/20251118_021727_667080.jpg
Image saved to static/images/20251118_021804_201164.jpg
Image saved to static/images/20251118_064517_037860.jpg
Image saved to static/images/20251118_075024_662392.jpg
Image saved to static/images/20251118_084231_744626.jpg
Image saved to static/images/20251118_094650_884784.jpg
Image saved to static/images/20251118_135754_940804.jpg
Image saved to static/images/20251118_144554_007367.jpg
Image saved to static/images/20251118_154949_558378.jpg
Image saved to static/images/20251118_160432_674630.jpg
Image saved to static/images/20251118_162243_747861.jpg
Image saved to static/images/20251118_180407_044749.jpg
Image saved to static/images/20251118_201759_904631.jpg
Image saved to static/images/20251119_000419_702970.jpg
Image saved to static/images/20251119_000421_588466.jpg
Image saved to static/images/20251119_000423_737401.jpg
Image saved to static/images/20251119_002412_979036.jpg
Image saved to static/images/20251119_002847_523806.jpg
Image saved to static/images/20251119_004441_478564.jpg
Image saved to static/images/20251119_004442_040586.jpg
Image saved to static/images/20251119_005152_363889.jpg
Image saved to static/images/20251119_005322_455055.jpg
Image saved to static/images/20251119_005904_764643.jpg
Image saved to static/images/20251119_010031_851743.jpg
Image saved to static/images/20251119_010119_889334.jpg
Image saved to static/images/20251119_011319_575234.jpg
Image saved to static/images/20251119_011720_802717.jpg
Image saved to static/images/20251119_012835_592806.jpg
Image saved to static/images/20251119_012852_767373.jpg
Image saved to static/images/20251119_013101_977670.jpg
Image saved to static/images/20251119_015315_882862.jpg
Image saved to static/images/20251119_021249_443413.jpg
Image saved to static/images/20251119_021333_036870.jpg
Image saved to static/images/20251119_021425_922270.jpg
Image saved to static/images/20251119_055955_439373.jpg
Image saved to static/images/20251119_065051_762569.jpg
Image saved to static/images/20251119_070227_719198.jpg
Image saved to static/images/20251119_071149_182642.jpg
Image saved to static/images/20251119_072512_127502.jpg
Image saved to static/images/20251119_072945_130278.jpg
Image saved to static/images/20251119_072945_597416.jpg
Image saved to static/images/20251119_073205_161278.jpg
Image saved to static/images/20251119_075020_785279.jpg
Image saved to static/images/20251119_075021_345033.jpg
Image saved to static/images/20251119_075021_886992.jpg
Image saved to static/images/20251119_080553_305698.jpg
Image saved to static/images/20251119_080553_715528.jpg
Image saved to static/images/20251119_081702_288071.jpg
Image saved to static/images/20251119_081719_984244.jpg
Image saved to static/images/20251119_082227_145572.jpg
Image saved to static/images/20251119_082502_292648.jpg
Image saved to static/images/20251119_082519_123411.jpg
Image saved to static/images/20251119_082531_327326.jpg
Image saved to static/images/20251119_082604_046672.jpg
Image saved to static/images/20251119_082624_141623.jpg
Image saved to static/images/20251119_083026_904419.jpg
Image saved to static/images/20251119_083058_929210.jpg
Image saved to static/images/20251119_083124_455348.jpg
Image saved to static/images/20251119_083252_273237.jpg
Image saved to static/images/20251119_084935_554608.jpg
Image saved to static/images/20251119_091735_933328.jpg
Image saved to static/images/20251119_154333_407628.jpg
Image saved to static/images/20251119_164142_336379.jpg
Image saved to static/images/20251119_170753_038361.jpg
Image saved to static/images/20251119_191222_306260.jpg
Image saved to static/images/20251119_202526_801671.jpg
Image saved to static/images/20251119_205435_425335.jpg
Image saved to static/images/20251119_212904_184109.jpg
Image saved to static/images/20251119_212919_372606.jpg
Image saved to static/images/20251119_213121_961806.jpg
Image saved to static/images/20251119_214943_089532.jpg
Image saved to static/images/20251120_010544_948459.jpg
Image saved to static/images/20251120_010712_298193.jpg
Image saved to static/images/20251120_010723_017937.jpg
Image saved to static/images/20251120_014152_971736.jpg
Image saved to static/images/20251120_022916_346973.jpg
Image saved to static/images/20251120_022931_485502.jpg
Image saved to static/images/20251120_064140_293612.jpg
Image saved to static/images/20251120_065036_439548.jpg
Image saved to static/images/20251120_073045_098731.jpg
Image saved to static/images/20251120_081421_978724.jpg
Image saved to static/images/20251120_085821_123110.jpg
Image saved to static/images/20251120_145518_797336.jpg
Image saved to static/images/20251120_161243_666967.jpg
Image saved to static/images/20251120_174104_511753.jpg
Image saved to static/images/20251120_185027_095284.jpg
